-- MySQL dump 10.13  Distrib 5.7.30, for Linux (x86_64)
--
-- Host: localhost    Database: vk
-- ------------------------------------------------------
-- Server version	5.7.30-0ubuntu0.18.04.1

/*!40101 SET @OLD_CHARACTER_SET_CLIENT=@@CHARACTER_SET_CLIENT */;
/*!40101 SET @OLD_CHARACTER_SET_RESULTS=@@CHARACTER_SET_RESULTS */;
/*!40101 SET @OLD_COLLATION_CONNECTION=@@COLLATION_CONNECTION */;
/*!40101 SET NAMES utf8 */;
/*!40103 SET @OLD_TIME_ZONE=@@TIME_ZONE */;
/*!40103 SET TIME_ZONE='+00:00' */;
/*!40014 SET @OLD_UNIQUE_CHECKS=@@UNIQUE_CHECKS, UNIQUE_CHECKS=0 */;
/*!40014 SET @OLD_FOREIGN_KEY_CHECKS=@@FOREIGN_KEY_CHECKS, FOREIGN_KEY_CHECKS=0 */;
/*!40101 SET @OLD_SQL_MODE=@@SQL_MODE, SQL_MODE='NO_AUTO_VALUE_ON_ZERO' */;
/*!40111 SET @OLD_SQL_NOTES=@@SQL_NOTES, SQL_NOTES=0 */;

--
-- Table structure for table `albums_types`
--

DROP TABLE IF EXISTS `albums_types`;
/*!40101 SET @saved_cs_client     = @@character_set_client */;
/*!40101 SET character_set_client = utf8 */;
CREATE TABLE `albums_types` (
  `id` bigint(20) unsigned NOT NULL AUTO_INCREMENT,
  `name` varchar(255) COLLATE utf8_bin NOT NULL,
  PRIMARY KEY (`id`),
  UNIQUE KEY `id` (`id`)
) ENGINE=InnoDB AUTO_INCREMENT=7 DEFAULT CHARSET=utf8 COLLATE=utf8_bin;
/*!40101 SET character_set_client = @saved_cs_client */;

--
-- Dumping data for table `albums_types`
--

LOCK TABLES `albums_types` WRITE;
/*!40000 ALTER TABLE `albums_types` DISABLE KEYS */;
INSERT INTO `albums_types` (`id`, `name`) VALUES (1,'Videoteka'),(2,'Playlist'),(3,'Photoalbum'),(4,'Videoteka'),(5,'Playlist'),(6,'Photoalbum');
/*!40000 ALTER TABLE `albums_types` ENABLE KEYS */;
UNLOCK TABLES;

--
-- Table structure for table `communities`
--

DROP TABLE IF EXISTS `communities`;
/*!40101 SET @saved_cs_client     = @@character_set_client */;
/*!40101 SET character_set_client = utf8 */;
CREATE TABLE `communities` (
  `id` bigint(20) unsigned NOT NULL AUTO_INCREMENT,
  `community_name` varchar(200) COLLATE utf8_bin NOT NULL,
  `admin_user_id` bigint(20) unsigned NOT NULL,
  PRIMARY KEY (`id`),
  UNIQUE KEY `id` (`id`),
  UNIQUE KEY `community_name` (`community_name`),
  KEY `community_name_2` (`community_name`),
  KEY `admin_user_id` (`admin_user_id`),
  CONSTRAINT `communities_ibfk_1` FOREIGN KEY (`admin_user_id`) REFERENCES `users` (`id`) ON DELETE NO ACTION ON UPDATE NO ACTION
) ENGINE=InnoDB AUTO_INCREMENT=150 DEFAULT CHARSET=utf8 COLLATE=utf8_bin;
/*!40101 SET character_set_client = @saved_cs_client */;

--
-- Dumping data for table `communities`
--

LOCK TABLES `communities` WRITE;
/*!40000 ALTER TABLE `communities` DISABLE KEYS */;
INSERT INTO `communities` (`id`, `community_name`, `admin_user_id`) VALUES (1,'lacus.',10),(2,'mi fringilla mi',90),(3,'lacinia orci,',41),(4,'Aliquam',35),(5,'gravida mauris ut',81),(6,'eu lacus.',22),(7,'eget metus.',83),(8,'sem,',52),(9,'libero',2),(10,'tempor arcu.',70),(11,'tempus,',98),(12,'natoque',79),(13,'pharetra',3),(14,'molestie',49),(15,'aliquet, sem ut',86),(16,'nec orci.',88),(17,'sodales. Mauris',24),(18,'adipiscing elit.',25),(19,'Curabitur dictum.',91),(20,'purus.',12),(21,'aliquam,',35),(22,'eu, ligula. Aenean',96),(23,'elit.',33),(24,'et, eros. Proin',15),(25,'fermentum convallis',1),(26,'ut',19),(27,'augue id',95),(28,'arcu.',50),(29,'eros',100),(30,'Duis risus',66),(51,'interdum feugiat. Sed',27),(52,'luctus et',20),(53,'Integer aliquam adipiscing',66),(54,'sed dui.',65),(55,'montes, nascetur ridiculus',53),(56,'nibh vulputate mauris',35),(57,'Quisque',14),(58,'cursus.',93),(59,'amet,',67),(60,'id nunc',27),(61,'enim',3),(62,'consequat',64),(63,'tristique neque',53),(64,'amet orci. Ut',52),(65,'vel,',45),(66,'nunc ac',84),(67,'eu turpis.',31),(68,'mauris.',61),(69,'Cras eget nisi',39),(70,'quam. Pellentesque habitant',46),(91,'velit.',92),(92,'sed turpis nec',40),(93,'aliquam iaculis, lacus',99),(94,'mattis. Cras',9),(95,'dolor',75),(96,'Proin vel arcu',41),(97,'libero at',43),(98,'consequat enim',7),(99,'Vivamus',43),(100,'quis',41),(121,'Lacus',10),(122,'Fringilla',90),(123,'Lacinia',41),(124,'Gravida',81),(125,'Eu lacus',22),(126,'Eget',83),(127,'Sem',52),(128,'Libero',2),(129,'Tempor',70),(130,'Litorania',14),(131,'Gravidas',93),(132,'VitaeParum',50),(133,'Erattium',30),(134,'Dictum',88),(135,'Auctor',47),(136,'Mi',75),(137,'Faucibuscus',53),(138,'AcDc',95),(139,'Leo',35),(140,'UterPendr',19),(141,'Idioma,',67),(142,'Adipiscing',22),(143,'Senectus Prolic',80),(144,'IntoIt,',40),(145,'Fermentum',73),(146,'LoremIpsum',11),(147,'Tristique',63),(148,'Nec',27),(149,'Sapien',89);
/*!40000 ALTER TABLE `communities` ENABLE KEYS */;
UNLOCK TABLES;

--
-- Table structure for table `friends_requests`
--

DROP TABLE IF EXISTS `friends_requests`;
/*!40101 SET @saved_cs_client     = @@character_set_client */;
/*!40101 SET character_set_client = utf8 */;
CREATE TABLE `friends_requests` (
  `initiator_user_id` bigint(20) unsigned NOT NULL,
  `target_user_id` bigint(20) unsigned NOT NULL,
  `status` enum('requested','approved','declained','infriended') COLLATE utf8_bin DEFAULT NULL,
  `requested_at` datetime DEFAULT CURRENT_TIMESTAMP,
  `updated_at` datetime DEFAULT NULL ON UPDATE CURRENT_TIMESTAMP,
  PRIMARY KEY (`initiator_user_id`,`target_user_id`),
  KEY `target_user_id` (`target_user_id`),
  CONSTRAINT `friends_requests_ibfk_1` FOREIGN KEY (`initiator_user_id`) REFERENCES `users` (`id`) ON DELETE NO ACTION ON UPDATE NO ACTION,
  CONSTRAINT `friends_requests_ibfk_2` FOREIGN KEY (`target_user_id`) REFERENCES `users` (`id`) ON DELETE NO ACTION ON UPDATE NO ACTION
) ENGINE=InnoDB DEFAULT CHARSET=utf8 COLLATE=utf8_bin;
/*!40101 SET character_set_client = @saved_cs_client */;

--
-- Dumping data for table `friends_requests`
--

LOCK TABLES `friends_requests` WRITE;
/*!40000 ALTER TABLE `friends_requests` DISABLE KEYS */;
INSERT INTO `friends_requests` (`initiator_user_id`, `target_user_id`, `status`, `requested_at`, `updated_at`) VALUES (1,1,'declained','2009-04-12 21:58:14','2009-12-24 16:23:33'),(2,19,'requested','2011-02-26 07:42:04','2005-08-15 11:03:57'),(3,56,'infriended','2019-08-26 05:14:50','2014-09-22 16:14:12'),(4,80,'approved','2020-02-18 12:04:21','2014-11-02 12:33:24'),(5,13,'requested','2005-11-15 00:07:26','2004-06-18 09:49:06'),(7,86,'declained','2008-02-08 22:49:30','2020-07-05 06:51:10'),(12,94,'requested','2014-01-22 14:48:22','2016-07-09 12:15:03'),(14,99,'declained','2001-07-15 03:30:20','2020-03-01 06:33:40'),(15,80,'infriended','2015-03-20 14:45:49','2018-10-07 02:00:47'),(21,23,'approved','2021-01-24 13:50:45','2010-07-17 21:50:07'),(22,44,'infriended','2012-10-05 03:34:43','2018-05-03 16:57:09'),(22,82,'requested','2003-01-17 20:18:20','2009-11-11 03:03:50'),(24,35,'declained','2001-10-06 02:38:10','2008-10-12 21:11:36'),(27,25,'declained','2001-07-14 22:10:05','2007-08-22 02:26:58'),(27,62,'infriended','2012-02-08 03:28:11','2003-11-28 19:27:48'),(30,56,'requested','2016-07-14 20:22:50','2000-10-08 07:32:51'),(32,15,'declained','2017-08-13 09:58:42','2013-08-16 10:14:16'),(33,8,'approved','2003-12-18 09:14:51','2008-09-08 13:22:22'),(36,6,'declained','2003-06-11 23:19:16','2002-02-19 02:10:15'),(37,44,'infriended','2014-05-06 07:20:07','2016-04-03 14:51:39'),(38,75,'approved','2008-12-05 21:36:03','2004-10-06 14:51:38'),(42,9,'approved','2004-06-21 06:15:44','2012-11-07 02:10:23'),(44,46,'declained','2010-06-02 14:31:08','2014-03-22 04:11:05'),(44,75,'declained','2005-08-04 08:01:18','2016-12-29 20:33:39'),(48,55,'declained','2007-12-30 22:00:04','2002-01-10 20:11:41'),(49,88,'approved','2010-04-08 02:45:16','2012-02-13 14:04:55'),(54,47,'requested','2007-11-15 20:37:49','2009-10-04 08:57:50'),(55,76,'infriended','2018-05-06 01:13:30','2003-12-07 02:14:56'),(57,38,'declained','2007-09-07 09:07:10','2004-11-14 05:02:44'),(57,57,'declained','2017-03-19 11:41:24','2009-07-21 21:27:54'),(59,66,'declained','2017-06-13 03:11:39','2008-12-28 02:42:13'),(59,69,'requested','2007-03-11 08:15:00','2003-01-13 08:37:52'),(61,24,'declained','2009-10-31 08:15:07','2016-11-18 00:36:18'),(64,10,'infriended','2007-07-06 06:14:49','2019-11-17 12:39:59'),(72,53,'infriended','2014-06-10 12:49:36','2005-04-24 09:26:55'),(74,3,'declained','2020-09-03 13:04:50','2003-04-01 18:13:14'),(74,59,'requested','2015-06-05 09:08:25','2009-02-21 14:08:17'),(77,54,'requested','2018-11-01 20:41:01','2012-10-07 21:03:42'),(77,59,'infriended','2019-09-26 08:02:06','2010-06-19 05:49:30'),(80,28,'declained','2016-03-03 21:35:45','2010-03-12 02:07:47'),(81,28,'infriended','2007-07-26 06:06:23','2016-01-19 17:10:12'),(81,38,'requested','2018-10-28 04:32:55','2011-09-07 07:12:15'),(83,48,'approved','2016-05-30 23:18:02','2015-02-24 18:29:53'),(84,4,'infriended','2007-03-20 02:35:21','2015-08-19 16:51:08'),(89,80,'approved','2014-11-27 09:22:45','2014-08-08 07:08:43'),(89,84,'approved','2021-05-03 11:30:41','2018-01-29 15:40:42'),(92,83,'infriended','2011-07-06 22:17:33','2002-11-09 02:22:29'),(92,91,'declained','2000-08-17 21:47:58','2019-12-11 13:16:42'),(93,5,'approved','2000-09-05 00:43:22','2002-08-02 14:14:49'),(94,37,'requested','2017-05-05 17:21:50','2013-11-19 13:40:58');
/*!40000 ALTER TABLE `friends_requests` ENABLE KEYS */;
UNLOCK TABLES;

--
-- Table structure for table `media_albums`
--

DROP TABLE IF EXISTS `media_albums`;
/*!40101 SET @saved_cs_client     = @@character_set_client */;
/*!40101 SET character_set_client = utf8 */;
CREATE TABLE `media_albums` (
  `id` bigint(20) unsigned NOT NULL AUTO_INCREMENT,
  `name` varchar(255) COLLATE utf8_bin DEFAULT NULL,
  `user_id` bigint(20) unsigned NOT NULL,
  `album_type_id` bigint(20) unsigned NOT NULL,
  PRIMARY KEY (`id`),
  UNIQUE KEY `id` (`id`),
  KEY `user_id` (`user_id`),
  KEY `album_type_id` (`album_type_id`),
  CONSTRAINT `media_albums_ibfk_1` FOREIGN KEY (`user_id`) REFERENCES `users` (`id`),
  CONSTRAINT `media_albums_ibfk_2` FOREIGN KEY (`album_type_id`) REFERENCES `albums_types` (`id`)
) ENGINE=InnoDB AUTO_INCREMENT=21 DEFAULT CHARSET=utf8 COLLATE=utf8_bin;
/*!40101 SET character_set_client = @saved_cs_client */;

--
-- Dumping data for table `media_albums`
--

LOCK TABLES `media_albums` WRITE;
/*!40000 ALTER TABLE `media_albums` DISABLE KEYS */;
INSERT INTO `media_albums` (`id`, `name`, `user_id`, `album_type_id`) VALUES (1,'Consequat nec, mollis',38,3),(2,'Dui, nec',91,1),(3,'Nibh',66,1),(4,'Suspendisse aliquet, sem',64,3),(5,'Bibendum ullamcorper',72,3),(6,'Fermentum convallis ligula',14,1),(7,'Velit. Cras lorem',10,3),(8,'Cubilia',58,2),(9,'Amet',12,1),(10,'Mus. Proin',14,2),(11,'Consequat nec, mollis',38,3),(12,'Dui, nec',91,1),(13,'Nibh',66,1),(14,'Suspendisse aliquet, sem',64,3),(15,'Bibendum ullamcorper',72,3),(16,'Fermentum convallis ligula',14,1),(17,'Velit. Cras lorem',10,3),(18,'Cubilia',58,2),(19,'Amet',12,1),(20,'Mus. Proin',14,2);
/*!40000 ALTER TABLE `media_albums` ENABLE KEYS */;
UNLOCK TABLES;

--
-- Table structure for table `mediafile_holder`
--

DROP TABLE IF EXISTS `mediafile_holder`;
/*!40101 SET @saved_cs_client     = @@character_set_client */;
/*!40101 SET character_set_client = utf8 */;
CREATE TABLE `mediafile_holder` (
  `mediafile_id` bigint(20) unsigned NOT NULL,
  `holder_id` bigint(20) unsigned NOT NULL,
  `album_id` bigint(20) unsigned DEFAULT NULL,
  PRIMARY KEY (`mediafile_id`,`holder_id`),
  KEY `holder_id` (`holder_id`),
  KEY `album_id` (`album_id`),
  CONSTRAINT `mediafile_holder_ibfk_1` FOREIGN KEY (`mediafile_id`) REFERENCES `mediafiles` (`id`),
  CONSTRAINT `mediafile_holder_ibfk_2` FOREIGN KEY (`holder_id`) REFERENCES `users` (`id`),
  CONSTRAINT `mediafile_holder_ibfk_3` FOREIGN KEY (`album_id`) REFERENCES `media_albums` (`id`)
) ENGINE=InnoDB DEFAULT CHARSET=utf8 COLLATE=utf8_bin;
/*!40101 SET character_set_client = @saved_cs_client */;

--
-- Dumping data for table `mediafile_holder`
--

LOCK TABLES `mediafile_holder` WRITE;
/*!40000 ALTER TABLE `mediafile_holder` DISABLE KEYS */;
INSERT INTO `mediafile_holder` (`mediafile_id`, `holder_id`, `album_id`) VALUES (1,65,1),(2,98,1),(5,41,1),(2,94,2),(5,30,2),(1,19,5),(3,71,5),(4,90,5),(1,59,6),(4,37,6),(5,9,6),(2,83,7),(4,61,7),(5,82,7),(5,49,8),(5,85,8),(5,97,8),(1,4,9),(1,12,9),(3,95,9),(4,1,9),(4,87,9),(5,33,9),(5,74,9),(2,21,10),(2,55,10),(3,47,10);
/*!40000 ALTER TABLE `mediafile_holder` ENABLE KEYS */;
UNLOCK TABLES;

--
-- Table structure for table `mediafile_liker`
--

DROP TABLE IF EXISTS `mediafile_liker`;
/*!40101 SET @saved_cs_client     = @@character_set_client */;
/*!40101 SET character_set_client = utf8 */;
CREATE TABLE `mediafile_liker` (
  `mediafile_id` bigint(20) unsigned NOT NULL,
  `liker_id` bigint(20) unsigned NOT NULL,
  PRIMARY KEY (`mediafile_id`,`liker_id`),
  KEY `liker_id` (`liker_id`),
  CONSTRAINT `mediafile_liker_ibfk_1` FOREIGN KEY (`mediafile_id`) REFERENCES `mediafiles` (`id`),
  CONSTRAINT `mediafile_liker_ibfk_2` FOREIGN KEY (`liker_id`) REFERENCES `users` (`id`)
) ENGINE=InnoDB DEFAULT CHARSET=utf8 COLLATE=utf8_bin;
/*!40101 SET character_set_client = @saved_cs_client */;

--
-- Dumping data for table `mediafile_liker`
--

LOCK TABLES `mediafile_liker` WRITE;
/*!40000 ALTER TABLE `mediafile_liker` DISABLE KEYS */;
INSERT INTO `mediafile_liker` (`mediafile_id`, `liker_id`) VALUES (5,2),(1,3),(2,3),(3,3),(5,3),(4,7),(1,8),(2,8),(1,9),(2,9),(3,9),(1,11),(2,11),(4,15),(1,16),(4,17),(1,18),(3,18),(4,19),(5,19),(1,20),(4,23),(5,23),(5,24),(3,30),(5,33),(2,37),(3,37),(2,39),(4,40),(4,41),(5,42),(2,44),(3,44),(4,44),(5,44),(3,45),(1,47),(2,47),(5,47),(3,48),(2,51),(2,54),(4,54),(5,54),(1,55),(3,55),(4,55),(5,55),(3,56),(2,57),(1,58),(5,58),(2,59),(3,59),(4,60),(1,61),(5,61),(5,62),(4,63),(5,63),(2,64),(1,66),(3,67),(5,67),(3,71),(1,72),(2,72),(5,72),(2,74),(4,75),(2,77),(5,77),(2,78),(1,79),(4,79),(2,81),(2,82),(5,82),(1,84),(4,84),(1,85),(5,87),(4,88),(1,90),(2,90),(1,91),(2,91),(3,91),(3,94),(3,95),(5,95),(5,96),(3,99);
/*!40000 ALTER TABLE `mediafile_liker` ENABLE KEYS */;
UNLOCK TABLES;

--
-- Table structure for table `mediafiles`
--

DROP TABLE IF EXISTS `mediafiles`;
/*!40101 SET @saved_cs_client     = @@character_set_client */;
/*!40101 SET character_set_client = utf8 */;
CREATE TABLE `mediafiles` (
  `id` bigint(20) unsigned NOT NULL AUTO_INCREMENT,
  `mediafile_type_id` bigint(20) unsigned NOT NULL,
  `filename` varchar(255) COLLATE utf8_bin NOT NULL,
  `size` int(11) NOT NULL,
  `metadata` json NOT NULL,
  PRIMARY KEY (`id`),
  UNIQUE KEY `id` (`id`),
  KEY `mediafile_type_id` (`mediafile_type_id`),
  CONSTRAINT `mediafiles_ibfk_1` FOREIGN KEY (`mediafile_type_id`) REFERENCES `mediafiles_types` (`id`)
) ENGINE=InnoDB AUTO_INCREMENT=11 DEFAULT CHARSET=utf8 COLLATE=utf8_bin;
/*!40101 SET character_set_client = @saved_cs_client */;

--
-- Dumping data for table `mediafiles`
--

LOCK TABLES `mediafiles` WRITE;
/*!40000 ALTER TABLE `mediafiles` DISABLE KEYS */;
INSERT INTO `mediafiles` (`id`, `mediafile_type_id`, `filename`, `size`, `metadata`) VALUES (1,2,'audiofile_1',398,'{\"attr1\": \"song\", \"attr2\": \"some song name\"}'),(2,3,'videofile_1',15623,'{\"attr1\": \"film\", \"attr2\": \"some cinema\"}'),(3,6,'document_1',1432,'{\"attr1\": \"doc\", \"attr2\": \"some very important document\"}'),(4,1,'dstsatsd3sf',1,'{\"attr1\": \"???\", \"attr2\": \"???\"}'),(5,4,'picture_1',215,'{\"attr1\": \"photo\", \"attr2\": \"Me and my cat\"}'),(6,2,'audiofile_1',398,'{\"attr1\": \"song\", \"attr2\": \"some song name\"}'),(7,3,'videofile_1',15623,'{\"attr1\": \"film\", \"attr2\": \"some cinema\"}'),(8,6,'document_1',1432,'{\"attr1\": \"doc\", \"attr2\": \"some very important document\"}'),(9,1,'dstsatsd3sf',1,'{\"attr1\": \"???\", \"attr2\": \"???\"}'),(10,4,'picture_1',215,'{\"attr1\": \"photo\", \"attr2\": \"Me and my cat\"}');
/*!40000 ALTER TABLE `mediafiles` ENABLE KEYS */;
UNLOCK TABLES;

--
-- Table structure for table `mediafiles_types`
--

DROP TABLE IF EXISTS `mediafiles_types`;
/*!40101 SET @saved_cs_client     = @@character_set_client */;
/*!40101 SET character_set_client = utf8 */;
CREATE TABLE `mediafiles_types` (
  `id` bigint(20) unsigned NOT NULL AUTO_INCREMENT,
  `name` varchar(255) COLLATE utf8_bin NOT NULL,
  PRIMARY KEY (`id`),
  UNIQUE KEY `id` (`id`)
) ENGINE=InnoDB AUTO_INCREMENT=21 DEFAULT CHARSET=utf8 COLLATE=utf8_bin;
/*!40101 SET character_set_client = @saved_cs_client */;

--
-- Dumping data for table `mediafiles_types`
--

LOCK TABLES `mediafiles_types` WRITE;
/*!40000 ALTER TABLE `mediafiles_types` DISABLE KEYS */;
INSERT INTO `mediafiles_types` (`id`, `name`) VALUES (1,'unknown'),(2,'audio'),(3,'video'),(4,'bitmap'),(5,'drawing'),(6,'office'),(7,'text'),(8,'archive'),(9,'executable'),(10,'multimedia'),(11,'unknown'),(12,'audio'),(13,'video'),(14,'bitmap'),(15,'drawing'),(16,'office'),(17,'text'),(18,'archive'),(19,'executable'),(20,'multimedia');
/*!40000 ALTER TABLE `mediafiles_types` ENABLE KEYS */;
UNLOCK TABLES;

--
-- Table structure for table `messages`
--

DROP TABLE IF EXISTS `messages`;
/*!40101 SET @saved_cs_client     = @@character_set_client */;
/*!40101 SET character_set_client = utf8 */;
CREATE TABLE `messages` (
  `id` bigint(20) unsigned NOT NULL AUTO_INCREMENT,
  `from_user_id` bigint(20) unsigned NOT NULL,
  `to_user_id` bigint(20) unsigned NOT NULL,
  `body` text COLLATE utf8_bin NOT NULL,
  `created_at` datetime DEFAULT CURRENT_TIMESTAMP,
  PRIMARY KEY (`id`),
  UNIQUE KEY `id` (`id`),
  KEY `from_user_id` (`from_user_id`),
  KEY `to_user_id` (`to_user_id`),
  CONSTRAINT `messages_ibfk_1` FOREIGN KEY (`from_user_id`) REFERENCES `users` (`id`) ON DELETE NO ACTION ON UPDATE NO ACTION,
  CONSTRAINT `messages_ibfk_2` FOREIGN KEY (`to_user_id`) REFERENCES `users` (`id`) ON DELETE NO ACTION ON UPDATE NO ACTION
) ENGINE=InnoDB AUTO_INCREMENT=1021 DEFAULT CHARSET=utf8 COLLATE=utf8_bin;
/*!40101 SET character_set_client = @saved_cs_client */;

--
-- Dumping data for table `messages`
--

LOCK TABLES `messages` WRITE;
/*!40000 ALTER TABLE `messages` DISABLE KEYS */;
INSERT INTO `messages` (`id`, `from_user_id`, `to_user_id`, `body`, `created_at`) VALUES (1,100,26,'libero est, congue a, aliquet vel, vulputate','2014-10-22 04:09:10'),(2,78,26,'in','2018-03-08 08:18:33'),(3,34,83,'Suspendisse aliquet molestie','2014-02-24 18:15:30'),(4,40,31,'mollis. Integer tincidunt aliquam arcu.','2016-06-19 05:24:07'),(5,82,36,'non, vestibulum nec, euismod in, dolor.','2012-10-10 10:47:16'),(6,70,39,'Fusce dolor quam, elementum at, egestas a','2015-09-14 21:44:43'),(7,25,57,'Cras eget nisi dictum augue malesuada malesuada.','2019-11-06 16:35:00'),(8,14,49,'dictum mi, ac mattis velit','2016-07-27 19:44:00'),(9,1,62,'Nunc sed orci lobortis augue scelerisque mollis.','2012-07-08 21:24:27'),(10,20,58,'urna et','2011-07-26 22:24:05'),(11,100,26,'libero est, congue a, aliquet vel, vulputate','2014-10-22 04:09:10'),(12,78,26,'in','2018-03-08 08:18:33'),(13,34,83,'Suspendisse aliquet molestie','2014-02-24 18:15:30'),(14,40,31,'mollis. Integer tincidunt aliquam arcu.','2016-06-19 05:24:07'),(15,82,36,'non, vestibulum nec, euismod in, dolor.','2012-10-10 10:47:16'),(16,70,39,'Fusce dolor quam, elementum at, egestas a','2015-09-14 21:44:43'),(17,25,57,'Cras eget nisi dictum augue malesuada malesuada.','2019-11-06 16:35:00'),(18,14,49,'dictum mi, ac mattis velit','2016-07-27 19:44:00'),(19,1,62,'Nunc sed orci lobortis augue scelerisque mollis.','2012-07-08 21:24:27'),(20,20,58,'urna et','2011-07-26 22:24:05'),(21,16,51,'scelerisque scelerisque dui. Suspendisse ac metus vitae velit','2020-05-15 20:13:22'),(22,38,65,'pede, malesuada vel, venenatis vel, faucibus id,','2020-03-09 23:51:52'),(23,86,16,'mattis. Integer eu lacus. Quisque imperdiet,','2020-08-01 10:12:35'),(24,62,45,'eget lacus. Mauris non dui nec','2020-02-25 12:57:35'),(25,73,86,'tempor diam dictum sapien.','2020-01-05 21:21:21'),(26,37,98,'Donec tincidunt. Donec','2020-02-20 21:48:26'),(27,74,13,'in, tempus eu, ligula. Aenean','2020-11-13 20:21:41'),(28,53,10,'sit amet ultricies sem magna nec quam. Curabitur','2020-11-20 09:58:07'),(29,86,37,'nisl sem, consequat nec, mollis','2021-02-23 02:15:31'),(30,47,72,'non nisi. Aenean eget metus. In nec orci. Donec','2019-07-18 16:02:26'),(31,14,29,'ac risus. Morbi metus. Vivamus euismod','2021-01-01 14:10:00'),(32,42,57,'In mi pede, nonummy ut, molestie','2020-11-27 07:17:01'),(33,40,56,'Vivamus nibh dolor, nonummy','2019-11-13 07:06:30'),(34,80,7,'ante lectus convallis est, vitae sodales nisi magna sed','2020-06-11 02:07:08'),(35,59,81,'augue malesuada malesuada. Integer id magna et ipsum','2021-02-06 10:42:08'),(36,41,37,'et, euismod et, commodo at, libero. Morbi accumsan laoreet ipsum.','2020-02-08 19:45:55'),(37,58,26,'nisi. Aenean eget metus. In nec orci.','2020-12-15 23:51:27'),(38,22,20,'sapien molestie orci tincidunt adipiscing. Mauris molestie','2020-06-07 14:43:18'),(39,100,40,'iaculis enim, sit amet ornare lectus justo','2019-11-21 15:25:59'),(40,59,99,'dignissim lacus. Aliquam rutrum lorem ac risus. Morbi','2020-10-20 13:50:36'),(41,90,7,'Sed nulla ante,','2020-03-19 01:49:47'),(42,53,1,'Praesent luctus. Curabitur egestas nunc sed libero. Proin sed turpis','2019-07-18 12:16:07'),(43,88,7,'malesuada vel, venenatis vel,','2020-06-20 08:21:05'),(44,35,47,'cursus. Nunc mauris elit, dictum','2020-11-07 16:11:35'),(45,81,6,'aliquam, enim nec','2019-11-23 12:39:05'),(46,85,33,'egestas. Fusce aliquet','2021-04-26 10:28:35'),(47,20,12,'sit amet, faucibus ut,','2020-06-04 02:54:05'),(48,70,43,'metus. Vivamus euismod urna. Nullam lobortis quam a','2020-07-30 16:45:35'),(49,21,61,'luctus, ipsum leo elementum sem, vitae aliquam eros turpis','2020-12-06 06:09:52'),(50,63,13,'molestie tellus. Aenean egestas hendrerit neque. In ornare sagittis felis.','2021-04-30 14:04:21'),(51,76,97,'feugiat tellus lorem eu metus. In lorem.','2019-06-22 23:51:34'),(52,71,11,'Nunc mauris elit, dictum eu, eleifend nec,','2019-10-08 20:04:15'),(53,64,47,'quam. Pellentesque habitant morbi tristique senectus','2021-01-12 19:54:50'),(54,47,67,'et tristique pellentesque, tellus sem mollis dui, in','2020-11-28 10:58:45'),(55,23,19,'malesuada augue ut lacus. Nulla tincidunt, neque vitae semper','2019-12-30 09:46:40'),(56,22,41,'in consectetuer ipsum nunc','2020-09-25 10:48:18'),(57,21,72,'ipsum. Suspendisse non leo. Vivamus nibh dolor, nonummy ac, feugiat','2019-08-17 22:33:10'),(58,39,8,'augue. Sed molestie. Sed id risus quis','2019-07-16 05:25:12'),(59,37,88,'Fusce fermentum fermentum arcu. Vestibulum ante ipsum primis in','2020-06-09 21:07:09'),(60,77,88,'enim mi tempor lorem, eget mollis lectus pede','2019-11-14 00:11:43'),(61,71,4,'id, libero. Donec consectetuer mauris id sapien. Cras','2021-01-22 00:09:39'),(62,1,62,'eu, odio. Phasellus at augue id ante','2019-06-19 15:03:54'),(63,70,38,'sollicitudin adipiscing ligula. Aenean','2021-03-12 08:28:41'),(64,40,48,'purus gravida sagittis. Duis gravida. Praesent eu nulla at','2021-04-15 23:24:32'),(65,1,26,'Nullam vitae diam. Proin dolor. Nulla semper tellus id','2019-11-06 22:41:27'),(66,69,48,'pharetra. Quisque ac libero nec ligula','2020-08-05 20:13:35'),(67,84,61,'cursus vestibulum. Mauris magna. Duis','2020-03-28 07:39:35'),(68,18,3,'ultricies sem magna nec quam. Curabitur vel lectus. Cum sociis','2020-08-19 00:51:42'),(69,42,78,'augue id ante dictum cursus. Nunc mauris elit, dictum eu,','2019-10-27 15:39:29'),(70,40,58,'Sed nunc est, mollis non, cursus non, egestas a,','2020-11-17 07:44:41'),(71,93,10,'felis orci, adipiscing','2019-07-30 02:17:05'),(72,30,33,'cubilia Curae; Donec tincidunt. Donec vitae erat vel pede','2020-01-30 15:17:21'),(73,98,91,'orci luctus et','2020-04-07 03:28:10'),(74,74,2,'ipsum ac mi eleifend egestas. Sed pharetra, felis eget','2020-04-09 20:52:55'),(75,16,23,'Etiam ligula tortor, dictum eu, placerat eget,','2020-07-01 05:03:51'),(76,15,93,'Vivamus rhoncus. Donec est. Nunc ullamcorper, velit in aliquet lobortis,','2020-02-08 01:49:24'),(77,75,35,'Sed nec metus facilisis lorem tristique','2019-10-05 12:26:56'),(78,51,47,'mauris. Integer sem elit, pharetra','2021-04-13 13:13:18'),(79,14,100,'neque pellentesque massa lobortis ultrices. Vivamus rhoncus. Donec est.','2021-01-13 03:15:31'),(80,95,57,'mauris id sapien. Cras','2021-01-17 01:15:35'),(81,36,82,'elit, pretium et, rutrum non, hendrerit id, ante.','2019-09-14 05:20:53'),(82,19,45,'enim nec tempus scelerisque, lorem ipsum sodales purus, in','2019-08-08 15:01:11'),(83,73,70,'eu arcu. Morbi sit amet massa. Quisque','2020-02-27 09:09:42'),(84,52,9,'in lobortis tellus justo sit','2020-06-23 09:57:46'),(85,22,95,'cursus luctus, ipsum leo','2019-05-28 18:13:38'),(86,46,67,'sem elit, pharetra ut,','2020-01-19 06:06:04'),(87,7,1,'vitae odio sagittis semper. Nam tempor diam dictum sapien. Aenean','2019-09-28 12:14:21'),(88,22,13,'Sed eu nibh vulputate mauris sagittis placerat. Cras dictum','2019-07-31 16:56:56'),(89,16,55,'lacus. Aliquam rutrum lorem ac risus. Morbi metus. Vivamus euismod','2020-07-24 01:43:50'),(90,38,63,'nibh. Quisque nonummy ipsum non arcu. Vivamus sit amet','2020-07-22 06:36:49'),(91,67,57,'mi, ac mattis velit justo nec ante. Maecenas mi felis,','2020-11-28 11:49:41'),(92,67,29,'pharetra ut, pharetra sed, hendrerit a,','2021-04-05 12:07:33'),(93,88,89,'diam. Proin dolor. Nulla semper tellus id','2021-03-01 05:33:03'),(94,79,25,'nec, imperdiet nec,','2021-05-04 05:52:13'),(95,95,75,'In nec orci. Donec nibh. Quisque nonummy ipsum non','2020-01-17 13:50:30'),(96,77,60,'penatibus et magnis dis parturient','2020-07-27 12:50:35'),(97,66,25,'eu lacus. Quisque imperdiet, erat nonummy','2019-11-19 22:40:17'),(98,21,55,'feugiat nec, diam. Duis','2021-01-12 09:53:49'),(99,69,61,'arcu eu odio tristique pharetra. Quisque ac libero nec ligula','2021-03-17 05:42:07'),(100,57,33,'parturient montes, nascetur ridiculus mus.','2020-01-27 18:38:41'),(101,54,58,'vitae erat vel pede blandit congue. In scelerisque scelerisque','2019-12-23 03:35:28'),(102,69,88,'vulputate velit eu','2021-03-13 08:41:23'),(103,38,1,'facilisis. Suspendisse commodo tincidunt','2020-10-21 01:21:05'),(104,28,48,'mauris ut mi. Duis risus odio,','2019-08-19 03:31:55'),(105,98,71,'Nunc sed orci lobortis augue','2021-04-21 20:32:44'),(106,31,2,'at, egestas a, scelerisque sed, sapien. Nunc','2020-05-19 04:45:26'),(107,81,78,'vulputate, nisi sem semper erat,','2019-12-02 09:48:04'),(108,6,25,'rutrum lorem ac risus. Morbi metus. Vivamus euismod urna.','2019-09-05 15:11:36'),(109,22,64,'venenatis vel, faucibus id, libero. Donec consectetuer mauris id sapien.','2020-05-14 22:15:59'),(110,21,25,'Sed nulla ante,','2020-05-12 01:38:10'),(111,30,38,'eget tincidunt dui augue eu tellus.','2019-06-15 03:50:41'),(112,84,99,'nec tempus scelerisque, lorem ipsum sodales purus, in','2019-06-14 10:26:22'),(113,21,39,'Nulla interdum. Curabitur dictum. Phasellus in felis. Nulla','2019-07-02 21:35:19'),(114,100,98,'posuere vulputate, lacus. Cras interdum. Nunc','2020-03-05 11:16:19'),(115,71,22,'auctor velit. Aliquam nisl. Nulla','2019-06-05 06:14:40'),(116,61,23,'lorem lorem, luctus ut, pellentesque','2020-11-01 16:07:50'),(117,28,92,'vitae, aliquet nec, imperdiet nec, leo. Morbi','2020-09-05 06:04:36'),(118,77,66,'Quisque fringilla euismod','2020-02-01 15:41:45'),(119,26,19,'iaculis odio. Nam interdum enim','2020-12-06 22:09:49'),(120,57,75,'tempus mauris erat eget ipsum. Suspendisse sagittis. Nullam','2019-12-22 15:05:57'),(121,78,35,'bibendum sed, est. Nunc laoreet lectus quis massa. Mauris','2020-10-09 01:12:12'),(122,28,45,'porta elit, a feugiat tellus lorem eu metus. In','2020-05-11 18:27:48'),(123,80,69,'et, euismod et, commodo','2020-11-11 09:36:01'),(124,41,59,'Vivamus sit amet','2019-06-21 05:30:12'),(125,29,28,'Fusce fermentum fermentum arcu.','2019-06-30 04:36:07'),(126,61,3,'gravida sagittis. Duis gravida. Praesent eu','2019-06-16 11:57:17'),(127,4,44,'sed, sapien. Nunc pulvinar arcu et pede.','2020-02-01 06:28:43'),(128,81,68,'senectus et netus et malesuada','2020-04-20 14:31:58'),(129,68,92,'nisi dictum augue malesuada','2020-07-17 11:49:44'),(130,83,44,'ut, sem. Nulla interdum. Curabitur dictum. Phasellus in felis. Nulla','2019-11-25 15:08:20'),(131,99,31,'id nunc interdum feugiat.','2019-08-24 01:22:58'),(132,31,68,'dui lectus rutrum urna, nec','2020-07-27 04:56:36'),(133,48,3,'augue malesuada malesuada. Integer','2020-04-21 06:56:31'),(134,2,19,'a, magna. Lorem ipsum dolor','2020-08-11 19:54:53'),(135,25,50,'amet, dapibus id, blandit','2020-11-08 13:36:19'),(136,81,37,'ante bibendum ullamcorper. Duis cursus, diam at pretium','2020-11-17 10:16:02'),(137,87,27,'sed libero. Proin sed turpis nec mauris blandit mattis.','2020-10-10 10:25:03'),(138,14,63,'malesuada ut, sem. Nulla interdum. Curabitur','2020-10-04 10:59:45'),(139,71,45,'nec, imperdiet nec, leo. Morbi neque tellus, imperdiet','2019-06-28 18:34:20'),(140,78,7,'non justo. Proin non massa','2019-11-02 21:27:38'),(141,86,21,'arcu et pede. Nunc sed orci','2019-07-01 15:00:38'),(142,71,81,'Cras sed leo. Cras vehicula aliquet libero. Integer in magna.','2020-01-18 23:45:23'),(143,91,53,'enim nec tempus scelerisque, lorem ipsum sodales','2020-09-30 06:00:31'),(144,1,23,'In mi pede,','2020-07-17 04:01:42'),(145,2,62,'nec ligula consectetuer rhoncus. Nullam velit dui,','2019-11-18 03:55:53'),(146,77,40,'Aliquam nisl. Nulla eu neque pellentesque massa lobortis','2020-06-08 13:33:46'),(147,96,22,'vulputate, nisi sem semper erat, in consectetuer ipsum','2021-02-08 16:44:46'),(148,84,14,'eu odio tristique pharetra. Quisque ac','2020-07-24 18:42:57'),(149,22,2,'adipiscing non, luctus sit amet, faucibus ut, nulla. Cras eu','2021-04-26 23:50:14'),(150,23,67,'semper tellus id nunc interdum','2019-12-05 04:23:04'),(151,67,74,'at, velit. Cras lorem lorem, luctus','2020-03-03 20:05:57'),(152,42,32,'aliquet molestie tellus. Aenean egestas hendrerit neque. In ornare','2020-09-16 15:11:05'),(153,68,60,'elit, dictum eu, eleifend nec, malesuada ut, sem.','2021-02-26 04:29:42'),(154,8,34,'Donec dignissim magna a tortor. Nunc commodo','2021-03-05 02:24:36'),(155,14,83,'Nullam scelerisque neque sed sem egestas blandit.','2021-04-28 11:40:47'),(156,23,56,'lorem, luctus ut,','2020-06-04 12:08:03'),(157,75,85,'nec, mollis vitae, posuere at, velit. Cras lorem lorem, luctus','2020-06-20 02:06:44'),(158,62,27,'bibendum ullamcorper. Duis cursus, diam','2019-11-03 22:07:36'),(159,73,29,'magna tellus faucibus leo, in lobortis tellus justo','2020-01-31 12:35:09'),(160,91,32,'accumsan convallis, ante lectus convallis','2020-06-21 10:23:55'),(161,100,27,'pharetra. Nam ac nulla. In tincidunt','2021-01-10 06:25:45'),(162,94,23,'aliquam eu, accumsan sed,','2020-03-18 16:00:49'),(163,74,39,'massa non ante bibendum ullamcorper. Duis cursus, diam at pretium','2020-06-04 08:55:40'),(164,37,21,'Integer tincidunt aliquam arcu. Aliquam ultrices iaculis odio. Nam','2020-07-16 10:47:00'),(165,10,76,'velit justo nec ante. Maecenas mi felis, adipiscing','2020-08-27 11:58:39'),(166,93,98,'interdum feugiat. Sed nec metus facilisis lorem tristique aliquet. Phasellus','2020-04-21 00:44:46'),(167,13,4,'ut aliquam iaculis, lacus','2019-11-08 15:56:01'),(168,40,93,'ornare. Fusce mollis. Duis sit amet diam eu dolor egestas','2020-07-07 10:55:31'),(169,84,83,'Donec nibh enim, gravida','2019-08-17 21:45:07'),(170,48,1,'quis arcu vel quam dignissim pharetra. Nam ac nulla.','2020-05-21 21:31:14'),(171,23,61,'eleifend vitae, erat.','2020-08-12 11:53:12'),(172,17,44,'Nunc commodo auctor','2019-08-19 10:52:03'),(173,73,48,'enim. Suspendisse aliquet, sem','2020-06-18 20:20:35'),(174,22,67,'posuere, enim nisl elementum','2019-08-04 15:14:24'),(175,31,27,'Ut nec urna et arcu imperdiet','2019-07-15 20:27:57'),(176,74,68,'sapien. Cras dolor dolor, tempus non,','2019-09-06 17:11:47'),(177,21,55,'est ac mattis semper, dui lectus rutrum urna, nec luctus','2019-12-13 11:55:02'),(178,51,61,'non enim commodo hendrerit.','2020-11-06 01:06:21'),(179,30,50,'a, malesuada id, erat. Etiam vestibulum massa','2020-11-13 16:30:05'),(180,48,66,'mi lacinia mattis. Integer eu lacus. Quisque imperdiet, erat','2020-06-21 13:10:15'),(181,83,6,'neque. Nullam ut nisi a odio semper cursus. Integer','2021-05-12 05:17:30'),(182,12,59,'Duis cursus, diam at','2019-07-09 11:29:27'),(183,62,7,'Vivamus molestie dapibus ligula. Aliquam erat volutpat. Nulla dignissim. Maecenas','2020-03-31 01:11:33'),(184,45,31,'convallis est, vitae sodales nisi magna sed dui.','2020-09-09 23:29:29'),(185,30,67,'convallis in, cursus et, eros. Proin ultrices. Duis volutpat nunc','2021-04-09 08:53:10'),(186,11,58,'Aliquam ornare, libero at auctor ullamcorper, nisl','2019-12-19 08:48:59'),(187,13,90,'semper. Nam tempor diam dictum sapien. Aenean massa. Integer vitae','2020-06-29 05:40:35'),(188,36,15,'mauris erat eget ipsum. Suspendisse sagittis.','2019-09-13 14:27:48'),(189,74,62,'non, lobortis quis, pede.','2020-11-07 13:36:29'),(190,39,98,'dolor sit amet, consectetuer adipiscing elit.','2019-08-19 04:19:38'),(191,34,47,'enim, sit amet ornare lectus justo eu','2021-02-02 05:33:48'),(192,54,84,'Lorem ipsum dolor','2019-10-02 16:35:03'),(193,60,80,'urna convallis erat,','2020-03-10 10:17:51'),(194,79,31,'Maecenas mi felis, adipiscing','2021-04-06 15:38:04'),(195,59,68,'eu dolor egestas rhoncus.','2019-10-10 20:22:20'),(196,54,91,'Mauris eu turpis. Nulla aliquet.','2019-11-19 19:27:54'),(197,32,55,'lectus, a sollicitudin orci sem','2020-01-12 05:44:47'),(198,36,21,'semper, dui lectus rutrum','2019-06-28 02:14:19'),(199,55,24,'semper. Nam tempor','2020-07-25 23:39:38'),(200,92,67,'Donec tincidunt. Donec vitae','2020-04-10 07:54:00'),(201,54,42,'interdum enim non nisi. Aenean eget metus. In nec','2019-11-21 08:40:54'),(202,33,93,'a felis ullamcorper viverra. Maecenas iaculis aliquet diam. Sed diam','2020-02-16 03:52:35'),(203,47,66,'taciti sociosqu ad litora torquent per conubia nostra,','2020-12-09 11:05:52'),(204,32,13,'Donec vitae erat vel pede blandit congue.','2020-04-21 05:01:13'),(205,89,80,'Phasellus libero mauris, aliquam eu, accumsan sed, facilisis vitae,','2019-07-10 04:50:40'),(206,12,2,'tellus. Nunc lectus pede, ultrices a, auctor non, feugiat nec,','2019-12-18 09:11:36'),(207,86,24,'Etiam laoreet, libero et tristique pellentesque, tellus','2019-11-24 22:00:20'),(208,53,15,'et malesuada fames ac','2020-12-19 09:33:32'),(209,93,98,'porta elit, a feugiat tellus','2019-11-06 04:03:20'),(210,23,64,'Integer sem elit, pharetra ut, pharetra sed, hendrerit a, arcu.','2020-04-15 04:45:00'),(211,10,64,'commodo auctor velit. Aliquam nisl. Nulla eu neque','2019-10-21 04:18:09'),(212,81,82,'per conubia nostra, per inceptos hymenaeos. Mauris','2020-10-08 05:56:47'),(213,99,4,'faucibus leo, in lobortis tellus justo sit amet nulla.','2020-09-18 11:09:58'),(214,33,56,'Nulla tincidunt, neque vitae semper egestas,','2020-03-24 13:46:53'),(215,58,16,'risus. Donec egestas. Duis','2020-02-01 00:28:12'),(216,44,5,'blandit viverra. Donec tempus,','2020-05-14 08:51:11'),(217,86,94,'mi. Duis risus odio, auctor','2021-05-20 09:40:36'),(218,33,98,'Proin dolor. Nulla semper','2020-08-22 20:22:56'),(219,84,58,'Donec at arcu. Vestibulum ante','2020-09-13 09:27:39'),(220,1,80,'ut aliquam iaculis, lacus','2019-10-26 01:39:59'),(221,27,100,'aliquet, sem ut cursus luctus, ipsum leo elementum','2020-04-15 00:25:37'),(222,40,95,'euismod est arcu ac orci. Ut semper pretium neque. Morbi','2020-06-13 09:29:34'),(223,81,56,'lobortis risus. In mi pede, nonummy ut, molestie','2021-03-14 23:29:13'),(224,73,75,'Aliquam tincidunt, nunc ac mattis ornare, lectus','2020-07-15 22:57:44'),(225,2,36,'faucibus ut, nulla. Cras eu tellus eu augue','2019-10-02 04:27:28'),(226,23,96,'mattis semper, dui lectus rutrum urna,','2019-11-23 00:57:10'),(227,97,73,'non massa non ante bibendum','2020-11-17 08:53:05'),(228,27,92,'ac mattis semper, dui lectus','2020-06-27 07:12:50'),(229,20,29,'Curabitur sed tortor. Integer aliquam adipiscing lacus.','2020-12-15 22:20:01'),(230,69,57,'orci tincidunt adipiscing. Mauris molestie pharetra nibh.','2019-06-06 00:16:49'),(231,20,55,'laoreet posuere, enim nisl elementum purus, accumsan interdum libero','2019-06-26 06:39:43'),(232,81,96,'ante bibendum ullamcorper. Duis cursus, diam at pretium aliquet,','2019-10-03 19:27:55'),(233,99,66,'auctor. Mauris vel turpis.','2020-04-19 03:35:42'),(234,100,66,'eu metus. In lorem. Donec elementum, lorem ut aliquam iaculis,','2021-02-08 17:29:41'),(235,4,2,'non justo. Proin non massa non','2019-09-23 18:45:29'),(236,79,95,'vestibulum lorem, sit amet ultricies sem magna nec quam.','2020-10-18 12:33:51'),(237,11,54,'Duis volutpat nunc sit amet metus.','2021-04-19 02:18:35'),(238,73,57,'placerat, orci lacus','2020-01-23 23:31:53'),(239,31,45,'cursus et, magna. Praesent interdum','2021-03-05 08:13:10'),(240,32,23,'Quisque varius. Nam','2019-11-27 11:37:40'),(241,94,55,'Praesent interdum ligula eu enim. Etiam','2020-09-18 08:36:15'),(242,9,10,'quis turpis vitae purus gravida sagittis. Duis','2020-06-30 06:50:49'),(243,74,47,'neque. In ornare sagittis','2020-05-28 13:39:15'),(244,44,85,'tortor nibh sit amet orci. Ut sagittis lobortis mauris.','2020-08-20 02:27:42'),(245,8,5,'vitae, aliquet nec, imperdiet nec, leo. Morbi neque tellus,','2019-10-04 22:22:15'),(246,95,95,'enim. Mauris quis turpis vitae purus gravida sagittis.','2020-12-14 15:56:32'),(247,100,2,'egestas. Fusce aliquet','2020-08-08 00:33:54'),(248,83,7,'Donec porttitor tellus non magna.','2020-10-10 07:08:39'),(249,23,81,'vestibulum, neque sed dictum eleifend, nunc risus','2020-04-26 07:05:19'),(250,90,71,'et, euismod et, commodo','2020-12-19 13:56:46'),(251,79,42,'non, dapibus rutrum, justo. Praesent luctus. Curabitur egestas nunc','2021-01-17 08:58:34'),(252,58,23,'Aliquam erat volutpat.','2020-02-23 02:22:39'),(253,4,4,'tellus, imperdiet non, vestibulum nec, euismod in,','2020-05-13 14:58:10'),(254,24,67,'Suspendisse aliquet, sem ut cursus','2020-12-03 15:56:56'),(255,71,34,'non nisi. Aenean eget metus. In','2019-06-06 11:34:44'),(256,63,17,'vestibulum lorem, sit','2019-10-25 00:10:08'),(257,24,64,'Etiam imperdiet dictum magna. Ut tincidunt orci quis lectus.','2020-02-13 04:57:10'),(258,23,86,'orci, in consequat enim diam vel arcu. Curabitur ut odio','2021-03-04 22:32:12'),(259,100,94,'mi enim, condimentum','2019-12-26 03:45:58'),(260,51,64,'eu tellus eu augue porttitor','2019-07-28 23:05:48'),(261,43,31,'vitae odio sagittis semper. Nam','2019-09-13 13:28:05'),(262,12,43,'penatibus et magnis dis parturient montes, nascetur','2020-11-09 10:40:37'),(263,71,85,'mi tempor lorem, eget mollis','2020-01-10 19:45:25'),(264,98,85,'quis turpis vitae purus gravida sagittis. Duis gravida. Praesent','2020-09-01 02:09:43'),(265,63,12,'sed orci lobortis','2020-07-27 08:43:54'),(266,42,66,'neque non quam.','2020-05-24 10:34:57'),(267,4,7,'ut, nulla. Cras eu tellus eu augue porttitor','2020-12-24 17:09:27'),(268,13,60,'mattis ornare, lectus ante dictum mi, ac mattis velit','2020-05-09 05:25:20'),(269,30,44,'tempus non, lacinia','2021-03-01 17:07:19'),(270,89,83,'ornare. In faucibus. Morbi vehicula. Pellentesque tincidunt','2021-04-18 08:34:57'),(271,46,85,'metus. Aliquam erat','2021-05-14 06:57:57'),(272,12,45,'tempus, lorem fringilla ornare placerat,','2021-02-26 00:06:09'),(273,63,12,'gravida. Praesent eu nulla at','2019-08-04 20:10:50'),(274,72,77,'Nulla tempor augue ac ipsum. Phasellus','2020-06-27 18:45:36'),(275,69,92,'consectetuer rhoncus. Nullam velit dui, semper','2020-09-21 04:28:51'),(276,46,87,'risus odio, auctor vitae,','2020-02-05 18:25:16'),(277,43,42,'est arcu ac orci. Ut semper','2019-11-19 13:40:07'),(278,24,92,'laoreet lectus quis massa. Mauris vestibulum, neque sed dictum','2020-11-15 16:21:43'),(279,48,51,'libero et tristique pellentesque, tellus sem mollis','2019-09-12 15:06:35'),(280,48,44,'Nullam nisl. Maecenas','2019-11-26 05:49:51'),(281,38,55,'quis accumsan convallis, ante lectus convallis est, vitae sodales','2020-08-08 20:12:23'),(282,85,36,'aptent taciti sociosqu ad litora torquent per','2020-08-12 04:25:58'),(283,75,55,'iaculis enim, sit amet ornare lectus justo','2020-09-11 14:08:10'),(284,89,28,'diam vel arcu. Curabitur','2020-07-21 06:57:22'),(285,94,30,'non, luctus sit amet, faucibus ut, nulla. Cras eu tellus','2020-08-15 04:38:04'),(286,20,16,'ut dolor dapibus gravida. Aliquam','2020-06-05 06:03:21'),(287,48,47,'tempus scelerisque, lorem ipsum','2020-08-09 17:16:40'),(288,2,49,'enim. Curabitur massa. Vestibulum accumsan neque et nunc. Quisque','2020-10-13 07:28:03'),(289,31,34,'amet ultricies sem magna nec quam. Curabitur vel','2019-12-08 06:09:25'),(290,100,67,'ipsum primis in faucibus orci luctus et ultrices posuere','2019-05-31 05:26:01'),(291,63,16,'Praesent eu dui. Cum sociis','2019-06-20 23:13:11'),(292,63,15,'Integer tincidunt aliquam arcu. Aliquam ultrices iaculis odio. Nam interdum','2020-01-08 17:10:36'),(293,18,100,'odio a purus.','2021-05-02 11:34:28'),(294,42,96,'sociosqu ad litora torquent','2019-12-23 03:21:27'),(295,31,38,'ante. Maecenas mi felis, adipiscing fringilla,','2019-06-07 21:35:25'),(296,47,44,'sapien. Nunc pulvinar arcu et pede. Nunc','2020-03-20 04:11:06'),(297,54,47,'rhoncus. Donec est. Nunc','2019-11-24 22:05:00'),(298,55,93,'Sed nec metus facilisis lorem tristique aliquet. Phasellus fermentum','2020-07-20 00:25:34'),(299,28,100,'eu metus. In lorem. Donec elementum,','2020-02-19 11:15:13'),(300,82,5,'lobortis risus. In mi pede, nonummy ut, molestie in, tempus','2020-12-17 09:00:55'),(301,86,100,'felis. Nulla tempor augue ac ipsum. Phasellus vitae','2019-12-31 08:37:41'),(302,99,90,'Cras sed leo. Cras vehicula aliquet','2020-12-08 21:09:17'),(303,82,36,'Donec egestas. Aliquam nec enim. Nunc','2019-10-02 03:10:39'),(304,43,28,'Proin mi. Aliquam gravida mauris ut mi. Duis risus','2019-12-27 15:59:13'),(305,55,1,'ornare placerat, orci lacus vestibulum lorem,','2019-11-28 06:05:13'),(306,81,26,'Integer urna. Vivamus molestie dapibus ligula. Aliquam erat volutpat. Nulla','2019-07-25 11:51:17'),(307,93,42,'ante. Vivamus non lorem vitae odio','2019-07-14 21:50:26'),(308,80,16,'taciti sociosqu ad litora torquent per conubia','2020-10-12 16:01:38'),(309,71,87,'nec enim. Nunc ut erat.','2020-01-02 03:09:19'),(310,51,27,'molestie tortor nibh sit amet orci. Ut sagittis','2019-11-24 11:34:54'),(311,77,61,'In ornare sagittis felis. Donec tempor, est ac mattis semper,','2021-01-20 01:58:43'),(312,84,11,'et libero. Proin mi. Aliquam','2019-06-17 12:15:17'),(313,1,57,'lorem ut aliquam iaculis, lacus pede sagittis augue, eu tempor','2020-05-27 15:43:11'),(314,45,99,'Mauris non dui','2019-08-22 08:42:25'),(315,11,22,'nonummy ultricies ornare, elit elit fermentum risus, at fringilla','2019-10-28 02:04:37'),(316,29,85,'mattis. Integer eu lacus. Quisque imperdiet, erat nonummy ultricies','2020-12-07 07:30:50'),(317,72,62,'consequat, lectus sit amet luctus vulputate, nisi','2020-05-20 10:21:53'),(318,73,27,'litora torquent per conubia nostra, per','2019-12-06 17:09:40'),(319,74,96,'faucibus leo, in lobortis','2020-05-03 13:13:20'),(320,78,56,'at auctor ullamcorper, nisl arcu iaculis enim, sit amet','2021-01-29 19:16:15'),(321,25,14,'sem ut cursus luctus, ipsum leo elementum sem, vitae aliquam','2020-08-22 03:07:19'),(322,93,49,'ut odio vel est tempor','2019-09-13 10:49:45'),(323,55,2,'diam. Pellentesque habitant morbi tristique senectus et netus','2021-01-31 10:50:10'),(324,26,88,'a odio semper cursus.','2020-10-05 17:46:31'),(325,55,81,'erat. Etiam vestibulum massa rutrum magna. Cras convallis convallis','2020-01-23 07:43:05'),(326,67,17,'varius ultrices, mauris ipsum porta elit, a','2020-07-07 19:18:15'),(327,58,90,'et, rutrum eu, ultrices sit','2021-01-09 06:16:26'),(328,99,95,'nec quam. Curabitur vel lectus. Cum sociis natoque','2019-12-15 12:30:20'),(329,2,48,'sagittis semper. Nam tempor diam dictum sapien. Aenean','2019-12-26 04:49:41'),(330,1,69,'diam dictum sapien. Aenean massa. Integer vitae nibh.','2019-07-09 19:39:59'),(331,72,34,'dui lectus rutrum urna, nec luctus felis purus ac','2021-05-12 15:30:11'),(332,20,50,'scelerisque scelerisque dui. Suspendisse ac metus vitae velit','2020-12-01 15:58:53'),(333,79,29,'Cras eu tellus eu augue porttitor interdum. Sed','2020-07-25 06:07:36'),(334,10,13,'ornare egestas ligula. Nullam feugiat placerat velit.','2021-05-12 15:23:28'),(335,33,43,'vitae, posuere at, velit. Cras lorem lorem, luctus ut,','2019-12-19 07:32:53'),(336,61,58,'et libero. Proin mi. Aliquam gravida mauris ut mi. Duis','2020-02-06 07:57:39'),(337,58,7,'egestas. Fusce aliquet magna a neque. Nullam ut nisi','2021-05-03 01:42:29'),(338,88,35,'risus. Donec egestas. Duis ac arcu. Nunc','2020-03-30 15:09:49'),(339,34,36,'orci. Donec nibh. Quisque nonummy ipsum non arcu.','2020-11-09 18:05:45'),(340,94,87,'gravida sit amet, dapibus id, blandit at, nisi. Cum','2020-08-14 12:57:05'),(341,12,50,'nulla at sem molestie sodales. Mauris','2020-02-10 04:49:22'),(342,25,26,'sociosqu ad litora torquent per','2020-07-25 19:36:45'),(343,26,47,'semper erat, in consectetuer ipsum','2020-09-11 18:13:02'),(344,20,52,'enim diam vel arcu. Curabitur','2021-03-01 09:35:01'),(345,32,73,'Nam consequat dolor vitae dolor. Donec fringilla. Donec feugiat','2020-06-07 15:30:12'),(346,36,7,'Sed auctor odio a purus.','2020-08-28 12:37:32'),(347,3,79,'et risus. Quisque libero lacus, varius','2020-05-07 00:17:39'),(348,21,18,'Sed nulla ante, iaculis nec,','2020-12-16 14:02:26'),(349,38,32,'lacus. Mauris non','2019-12-13 00:26:07'),(350,66,67,'ridiculus mus. Donec dignissim magna a','2019-06-29 04:53:47'),(351,75,27,'lorem, eget mollis lectus pede et risus.','2021-03-31 11:23:17'),(352,100,2,'dolor. Quisque tincidunt pede ac','2021-05-09 10:35:18'),(353,6,97,'congue turpis. In condimentum. Donec at arcu. Vestibulum','2019-08-17 00:30:10'),(354,46,17,'Donec egestas. Duis ac arcu. Nunc mauris.','2020-01-14 21:31:41'),(355,13,21,'Pellentesque tincidunt tempus risus. Donec egestas. Duis ac arcu.','2019-11-17 15:50:00'),(356,20,93,'congue a, aliquet','2021-02-18 00:13:08'),(357,63,83,'sociis natoque penatibus et','2019-07-29 07:16:45'),(358,84,39,'erat, in consectetuer','2019-09-10 22:52:53'),(359,44,55,'sollicitudin adipiscing ligula. Aenean gravida nunc sed','2019-06-29 07:39:27'),(360,76,24,'odio semper cursus. Integer mollis.','2020-08-18 05:38:57'),(361,53,4,'vel quam dignissim pharetra. Nam ac nulla. In tincidunt','2019-08-27 05:51:21'),(362,17,7,'semper pretium neque. Morbi quis urna. Nunc quis arcu','2019-09-07 11:24:45'),(363,38,50,'felis eget varius ultrices, mauris ipsum','2020-09-13 16:01:19'),(364,76,33,'a, auctor non,','2021-03-24 19:44:32'),(365,43,13,'cubilia Curae; Phasellus ornare.','2020-03-15 21:42:55'),(366,49,71,'dolor vitae dolor. Donec fringilla. Donec feugiat metus','2020-11-17 17:55:15'),(367,73,11,'lectus rutrum urna, nec luctus felis purus ac tellus. Suspendisse','2019-06-29 17:27:54'),(368,40,78,'consectetuer adipiscing elit. Curabitur','2021-03-18 18:57:09'),(369,24,15,'nisi. Mauris nulla. Integer urna. Vivamus molestie dapibus ligula. Aliquam','2019-06-24 03:26:18'),(370,69,21,'Cum sociis natoque penatibus et magnis dis','2020-09-15 05:07:11'),(371,18,21,'felis eget varius ultrices, mauris ipsum porta elit,','2019-11-24 15:36:05'),(372,86,83,'magna, malesuada vel, convallis in, cursus et,','2020-10-06 13:34:36'),(373,7,43,'non massa non ante','2020-08-09 16:22:42'),(374,46,2,'Duis gravida. Praesent eu nulla at sem molestie sodales. Mauris','2021-03-26 06:35:16'),(375,27,60,'ultrices posuere cubilia Curae; Donec tincidunt. Donec vitae erat vel','2020-03-08 23:45:23'),(376,83,30,'ultrices. Duis volutpat nunc','2020-02-20 13:49:16'),(377,62,69,'scelerisque sed, sapien. Nunc pulvinar arcu et pede. Nunc sed','2020-07-05 15:11:25'),(378,20,75,'lacus. Ut nec urna et arcu imperdiet ullamcorper. Duis','2019-11-21 03:04:58'),(379,78,45,'erat nonummy ultricies','2019-10-14 01:23:33'),(380,29,21,'odio. Phasellus at','2019-06-10 06:23:10'),(381,15,29,'pede. Cum sociis natoque penatibus et magnis','2019-06-03 12:57:59'),(382,53,32,'fringilla ornare placerat, orci lacus vestibulum lorem, sit amet','2020-05-30 22:50:09'),(383,62,12,'Nulla eget metus eu erat semper rutrum.','2019-09-29 20:36:05'),(384,15,34,'eu elit. Nulla facilisi. Sed neque.','2019-12-10 03:14:19'),(385,93,15,'nulla. Integer urna. Vivamus molestie','2020-04-30 21:04:47'),(386,9,19,'amet luctus vulputate,','2019-09-25 06:32:46'),(387,46,54,'venenatis lacus. Etiam bibendum fermentum','2020-06-23 12:49:08'),(388,71,42,'Nam tempor diam','2020-10-08 18:56:48'),(389,36,70,'dolor sit amet, consectetuer adipiscing elit. Etiam laoreet, libero et','2020-05-20 00:49:24'),(390,30,78,'dui. Fusce diam nunc,','2020-11-21 17:28:11'),(391,79,52,'lobortis tellus justo sit amet nulla. Donec non justo.','2019-08-31 20:32:38'),(392,47,2,'Sed nulla ante,','2021-04-26 17:03:58'),(393,42,55,'eu, accumsan sed, facilisis vitae, orci. Phasellus dapibus','2021-02-26 03:55:18'),(394,71,82,'a, arcu. Sed','2020-07-31 00:27:41'),(395,96,75,'turpis. In condimentum. Donec at arcu. Vestibulum ante','2021-03-16 02:39:44'),(396,97,83,'a felis ullamcorper viverra. Maecenas iaculis aliquet diam. Sed diam','2020-12-07 15:48:38'),(397,77,23,'rutrum, justo. Praesent luctus. Curabitur egestas nunc','2021-02-15 09:00:01'),(398,82,78,'et malesuada fames ac turpis','2021-04-21 18:27:15'),(399,10,12,'eu elit. Nulla facilisi. Sed neque. Sed eget lacus. Mauris','2020-04-25 00:51:31'),(400,26,38,'Sed dictum. Proin eget odio. Aliquam vulputate ullamcorper magna. Sed','2020-05-18 19:52:15'),(401,23,16,'nostra, per inceptos hymenaeos. Mauris','2021-05-01 14:24:14'),(402,67,24,'dui. Cras pellentesque. Sed dictum. Proin','2020-04-17 21:06:18'),(403,21,27,'purus, in molestie tortor nibh sit amet orci. Ut','2021-01-13 12:34:23'),(404,97,66,'quam. Pellentesque habitant morbi tristique senectus et netus','2020-12-11 01:28:32'),(405,95,90,'Quisque imperdiet, erat nonummy ultricies ornare, elit elit','2020-08-23 07:34:16'),(406,21,31,'congue, elit sed consequat','2019-11-16 16:38:57'),(407,28,72,'velit justo nec ante. Maecenas mi felis, adipiscing fringilla,','2019-11-01 15:04:09'),(408,6,81,'Quisque purus sapien, gravida non, sollicitudin a, malesuada id,','2020-09-04 05:23:45'),(409,16,15,'aliquam adipiscing lacus. Ut nec','2019-10-10 01:21:59'),(410,1,5,'conubia nostra, per inceptos hymenaeos.','2021-02-08 22:12:33'),(411,100,20,'mi. Duis risus odio, auctor vitae, aliquet','2021-05-13 16:10:41'),(412,99,41,'magna. Sed eu eros. Nam consequat','2020-09-14 01:02:23'),(413,11,10,'sollicitudin a, malesuada id, erat. Etiam vestibulum massa rutrum','2021-05-18 01:45:41'),(414,8,40,'nonummy ipsum non arcu. Vivamus','2020-06-12 04:45:11'),(415,11,70,'adipiscing. Mauris molestie pharetra nibh. Aliquam ornare, libero','2021-01-09 13:30:00'),(416,3,20,'elementum at, egestas a, scelerisque sed, sapien. Nunc pulvinar','2021-05-14 08:47:46'),(417,93,24,'consequat auctor, nunc nulla vulputate dui, nec tempus','2021-04-01 14:15:59'),(418,8,11,'fermentum fermentum arcu. Vestibulum ante ipsum primis','2020-08-03 14:30:12'),(419,43,98,'vitae velit egestas lacinia. Sed','2021-01-04 18:23:03'),(420,93,55,'Vivamus nibh dolor, nonummy','2020-01-06 03:42:08'),(421,51,79,'ipsum primis in faucibus orci luctus','2020-01-27 07:04:37'),(422,99,40,'amet orci. Ut sagittis lobortis mauris. Suspendisse aliquet molestie tellus.','2019-10-09 05:29:28'),(423,93,25,'sollicitudin a, malesuada id, erat. Etiam vestibulum','2019-08-02 11:25:53'),(424,63,74,'tellus lorem eu metus. In lorem.','2020-10-07 02:31:37'),(425,97,99,'facilisis facilisis, magna tellus faucibus leo, in','2020-10-15 17:02:56'),(426,79,41,'Aenean egestas hendrerit neque. In ornare','2020-10-16 09:51:06'),(427,6,30,'magnis dis parturient montes, nascetur','2020-05-26 03:37:49'),(428,92,72,'nec mauris blandit mattis.','2019-09-21 15:14:46'),(429,97,73,'interdum enim non','2021-03-16 07:36:22'),(430,26,49,'sollicitudin adipiscing ligula. Aenean gravida nunc sed pede. Cum sociis','2020-07-10 18:14:44'),(431,13,33,'convallis ligula. Donec luctus aliquet odio. Etiam ligula tortor,','2019-08-29 22:24:22'),(432,17,41,'Aenean euismod mauris eu elit. Nulla','2020-06-03 17:06:39'),(433,29,86,'sit amet, dapibus id, blandit at, nisi. Cum','2020-04-12 07:55:57'),(434,34,73,'ac orci. Ut','2021-04-12 17:54:28'),(435,76,54,'enim nec tempus scelerisque,','2020-08-10 11:44:49'),(436,40,79,'libero. Morbi accumsan laoreet ipsum. Curabitur consequat, lectus sit amet','2019-10-18 20:24:44'),(437,89,27,'vel arcu. Curabitur ut odio vel est tempor','2020-06-03 11:18:47'),(438,6,29,'egestas lacinia. Sed congue, elit sed consequat','2020-06-20 10:03:36'),(439,97,61,'ante dictum mi, ac mattis velit justo','2020-05-26 00:39:58'),(440,62,76,'magna. Nam ligula elit, pretium et, rutrum non,','2019-12-06 17:35:30'),(441,12,25,'magna. Praesent interdum ligula eu enim. Etiam','2020-05-21 00:14:07'),(442,14,17,'Aenean massa. Integer vitae nibh. Donec est mauris, rhoncus id,','2020-08-06 03:23:59'),(443,46,28,'eu tellus. Phasellus elit pede,','2019-10-28 06:59:36'),(444,69,91,'enim. Curabitur massa. Vestibulum accumsan neque et nunc.','2019-10-07 23:33:07'),(445,44,48,'bibendum sed, est. Nunc laoreet lectus quis massa.','2020-03-07 05:11:33'),(446,14,67,'massa rutrum magna. Cras convallis convallis dolor.','2021-04-18 17:21:06'),(447,38,76,'hendrerit neque. In ornare sagittis felis. Donec tempor, est','2019-06-28 22:01:57'),(448,44,70,'sit amet orci. Ut sagittis lobortis mauris. Suspendisse aliquet','2021-04-22 19:16:44'),(449,84,92,'a odio semper cursus. Integer mollis.','2021-01-25 15:08:42'),(450,99,88,'Nunc ac sem ut dolor dapibus gravida.','2021-04-20 00:23:56'),(451,48,96,'condimentum. Donec at arcu. Vestibulum','2020-07-21 21:34:22'),(452,42,16,'purus. Maecenas libero est,','2020-01-19 18:15:02'),(453,10,61,'sit amet diam eu dolor egestas rhoncus. Proin nisl sem,','2020-04-28 13:59:19'),(454,46,79,'fringilla cursus purus. Nullam scelerisque neque sed sem','2021-04-06 14:20:11'),(455,20,71,'Integer eu lacus. Quisque imperdiet, erat nonummy','2019-06-28 20:45:27'),(456,35,64,'sagittis. Duis gravida. Praesent eu nulla at sem','2020-06-07 12:12:55'),(457,80,93,'a, malesuada id,','2020-11-07 16:51:05'),(458,53,41,'scelerisque dui. Suspendisse ac metus vitae','2020-03-22 03:40:29'),(459,38,70,'pharetra ut, pharetra','2019-11-28 17:07:48'),(460,45,29,'porttitor tellus non magna. Nam ligula','2020-10-31 07:06:24'),(461,40,16,'rhoncus. Proin nisl sem, consequat nec, mollis vitae,','2020-01-25 19:46:55'),(462,6,41,'auctor ullamcorper, nisl arcu','2019-08-31 05:15:35'),(463,87,33,'Phasellus libero mauris,','2020-10-12 15:50:34'),(464,26,69,'Sed pharetra, felis eget varius ultrices,','2020-10-06 11:41:41'),(465,60,97,'eu enim. Etiam','2021-03-30 08:37:41'),(466,71,28,'Duis at lacus. Quisque purus sapien, gravida non, sollicitudin','2021-03-09 11:42:52'),(467,57,99,'eu tempor erat neque non','2020-04-13 20:15:14'),(468,6,94,'elementum at, egestas a, scelerisque','2020-03-17 07:22:59'),(469,76,8,'libero. Proin sed turpis nec mauris blandit mattis. Cras eget','2019-07-10 13:31:27'),(470,44,96,'consectetuer adipiscing elit. Curabitur sed','2019-07-31 00:48:41'),(471,5,28,'sapien imperdiet ornare. In faucibus. Morbi vehicula. Pellentesque tincidunt','2021-02-22 23:31:20'),(472,95,18,'aliquet. Phasellus fermentum convallis ligula.','2020-01-17 17:01:00'),(473,10,27,'Aliquam auctor, velit eget laoreet posuere, enim','2019-12-16 12:41:48'),(474,40,13,'nec tempus scelerisque, lorem ipsum sodales','2020-03-26 06:44:03'),(475,54,10,'aptent taciti sociosqu ad litora torquent per','2019-10-02 08:53:56'),(476,51,38,'amet luctus vulputate, nisi sem semper erat, in','2020-10-24 09:00:43'),(477,50,75,'Integer vitae nibh. Donec est mauris, rhoncus id, mollis nec,','2020-12-19 11:32:00'),(478,7,63,'velit dui, semper et, lacinia vitae, sodales at,','2020-02-21 11:48:25'),(479,57,6,'fermentum vel, mauris. Integer sem elit, pharetra ut,','2019-10-27 12:40:38'),(480,15,23,'eu dolor egestas rhoncus. Proin','2020-02-28 06:51:37'),(481,81,68,'nascetur ridiculus mus. Aenean eget magna. Suspendisse tristique','2021-04-05 08:24:56'),(482,62,58,'a mi fringilla mi lacinia mattis. Integer eu','2020-03-12 17:58:59'),(483,35,75,'neque. Nullam nisl.','2020-09-13 03:44:18'),(484,92,33,'mi fringilla mi lacinia mattis. Integer eu lacus.','2019-09-27 03:26:02'),(485,78,26,'eu metus. In lorem. Donec elementum, lorem ut aliquam iaculis,','2020-05-15 00:39:51'),(486,63,71,'tincidunt congue turpis. In','2020-04-03 11:14:44'),(487,93,25,'lorem eu metus. In lorem.','2020-08-11 00:52:42'),(488,60,62,'id, mollis nec, cursus a,','2020-06-04 11:10:58'),(489,6,74,'Aliquam gravida mauris ut mi.','2020-11-15 21:20:17'),(490,22,44,'Donec tincidunt. Donec vitae erat vel pede blandit','2019-11-01 12:49:35'),(491,81,36,'amet risus. Donec egestas. Aliquam','2019-09-25 07:27:13'),(492,66,55,'Mauris vel turpis. Aliquam adipiscing lobortis risus.','2020-08-01 16:06:10'),(493,62,21,'molestie tortor nibh sit amet orci.','2020-08-17 18:24:34'),(494,94,14,'quis diam luctus lobortis. Class aptent taciti','2019-11-13 01:59:59'),(495,67,55,'fermentum vel, mauris. Integer sem elit, pharetra ut, pharetra','2021-03-10 01:26:06'),(496,60,99,'dolor dolor, tempus non, lacinia at,','2019-10-10 03:44:56'),(497,89,53,'Suspendisse sagittis. Nullam vitae diam. Proin dolor.','2019-10-06 04:54:56'),(498,57,56,'molestie tortor nibh sit amet orci. Ut','2021-02-19 11:49:42'),(499,5,90,'quis turpis vitae purus gravida sagittis. Duis gravida. Praesent eu','2021-03-09 10:50:09'),(500,4,44,'sapien. Nunc pulvinar arcu et pede. Nunc sed orci lobortis','2020-06-04 03:49:45'),(501,92,12,'justo nec ante. Maecenas mi felis, adipiscing fringilla,','2020-01-08 22:01:53'),(502,75,95,'tristique neque venenatis lacus. Etiam bibendum fermentum metus. Aenean sed','2019-10-04 00:56:53'),(503,25,42,'semper pretium neque. Morbi quis urna. Nunc','2020-10-30 02:08:07'),(504,8,33,'turpis vitae purus gravida sagittis. Duis','2019-06-04 02:57:40'),(505,64,20,'risus. Donec egestas.','2021-05-07 09:44:05'),(506,52,13,'vulputate, nisi sem semper','2021-05-23 05:55:19'),(507,71,3,'nulla. Cras eu','2020-01-20 07:00:40'),(508,32,67,'turpis non enim. Mauris quis turpis','2021-05-10 05:37:11'),(509,27,4,'pretium aliquet, metus urna convallis erat, eget tincidunt dui','2019-08-24 04:03:48'),(510,8,86,'velit justo nec ante. Maecenas mi felis, adipiscing','2021-03-23 21:11:35'),(511,77,30,'Curabitur vel lectus.','2020-08-12 02:34:44'),(512,40,37,'Donec egestas. Duis ac arcu. Nunc','2019-09-25 04:47:19'),(513,7,23,'cursus luctus, ipsum leo elementum sem, vitae','2020-11-19 12:46:02'),(514,80,69,'risus. Duis a mi fringilla mi lacinia mattis. Integer eu','2020-03-22 20:36:11'),(515,75,76,'Praesent eu nulla at sem molestie sodales. Mauris blandit enim','2019-10-19 03:59:39'),(516,90,99,'velit egestas lacinia. Sed congue, elit sed','2020-10-22 14:18:33'),(517,38,38,'velit. Aliquam nisl. Nulla eu neque','2019-08-02 14:06:46'),(518,71,71,'ipsum nunc id enim. Curabitur massa. Vestibulum accumsan neque et','2021-04-28 21:38:44'),(519,58,23,'neque. Nullam nisl. Maecenas malesuada fringilla','2021-02-23 14:22:13'),(520,78,40,'vitae mauris sit amet lorem semper auctor.','2021-01-20 02:02:53'),(521,38,83,'consequat dolor vitae dolor. Donec fringilla. Donec feugiat','2019-12-11 13:52:18'),(522,74,48,'eget, venenatis a, magna. Lorem ipsum dolor sit','2020-01-29 07:11:53'),(523,31,15,'Vivamus euismod urna. Nullam lobortis quam a felis ullamcorper viverra.','2019-11-09 17:30:34'),(524,63,94,'Donec felis orci, adipiscing non, luctus sit','2019-10-15 08:59:41'),(525,35,90,'enim mi tempor lorem, eget mollis lectus pede','2019-11-21 21:39:57'),(526,84,18,'in magna. Phasellus dolor elit, pellentesque a,','2020-11-12 09:42:58'),(527,4,77,'sollicitudin adipiscing ligula.','2020-05-09 23:24:30'),(528,53,26,'elit, pretium et, rutrum non,','2020-04-17 02:38:29'),(529,41,43,'Aenean eget magna.','2020-08-16 23:08:49'),(530,88,74,'Suspendisse sed dolor. Fusce mi lorem, vehicula','2021-01-15 04:33:25'),(531,65,33,'Vestibulum accumsan neque','2020-12-17 00:23:41'),(532,39,86,'dignissim magna a','2020-09-03 05:33:34'),(533,75,76,'cursus. Integer mollis. Integer','2019-08-26 19:21:20'),(534,20,56,'eu elit. Nulla facilisi. Sed neque. Sed eget lacus. Mauris','2019-11-20 23:12:08'),(535,85,37,'Sed eget lacus. Mauris non dui nec','2020-10-14 10:12:21'),(536,11,35,'malesuada vel, convallis in, cursus et, eros.','2021-04-28 20:50:11'),(537,83,99,'erat neque non quam. Pellentesque habitant','2020-10-13 02:43:39'),(538,14,89,'Donec porttitor tellus non magna. Nam ligula elit,','2020-01-23 02:15:04'),(539,42,46,'Pellentesque tincidunt tempus risus. Donec egestas. Duis ac','2020-05-06 06:36:44'),(540,93,18,'In condimentum. Donec at arcu. Vestibulum ante','2020-12-15 02:54:59'),(541,77,36,'mauris, aliquam eu, accumsan sed, facilisis','2019-07-28 01:45:00'),(542,8,75,'tellus, imperdiet non,','2019-07-01 14:44:48'),(543,91,98,'vulputate eu, odio. Phasellus at','2019-06-25 09:09:49'),(544,61,50,'nunc interdum feugiat. Sed nec metus facilisis','2020-04-05 03:01:20'),(545,13,32,'urna, nec luctus felis purus ac tellus. Suspendisse sed dolor.','2021-03-20 05:41:59'),(546,46,11,'vel sapien imperdiet','2020-03-28 18:12:02'),(547,19,39,'Morbi neque tellus, imperdiet non, vestibulum nec, euismod','2019-08-05 02:07:29'),(548,12,63,'metus. In lorem. Donec elementum, lorem ut aliquam','2020-10-11 16:15:03'),(549,12,6,'lectus convallis est, vitae sodales nisi magna sed','2020-11-27 03:59:39'),(550,41,58,'mi. Aliquam gravida mauris ut mi. Duis risus odio, auctor','2020-03-21 03:03:49'),(551,32,76,'vestibulum nec, euismod in, dolor. Fusce feugiat. Lorem ipsum dolor','2020-05-22 05:51:07'),(552,40,57,'enim diam vel arcu.','2019-12-01 04:39:19'),(553,83,48,'erat eget ipsum. Suspendisse sagittis. Nullam vitae diam. Proin dolor.','2019-08-05 14:45:34'),(554,64,27,'ultrices iaculis odio. Nam interdum enim non nisi. Aenean eget','2020-03-30 09:44:59'),(555,2,61,'gravida sagittis. Duis gravida. Praesent eu nulla at sem molestie','2020-05-07 10:49:09'),(556,9,83,'tortor, dictum eu, placerat eget, venenatis a, magna. Lorem ipsum','2019-10-31 11:53:17'),(557,10,52,'eros. Proin ultrices. Duis volutpat nunc sit amet','2020-12-13 09:41:16'),(558,66,29,'libero. Proin sed turpis','2020-03-20 09:43:14'),(559,13,85,'sociis natoque penatibus et magnis','2019-11-05 21:25:50'),(560,33,64,'venenatis vel, faucibus id, libero.','2020-05-12 20:41:02'),(561,52,100,'a, facilisis non, bibendum sed, est. Nunc laoreet lectus quis','2020-10-15 19:28:49'),(562,87,73,'lacinia mattis. Integer','2021-01-19 12:28:58'),(563,1,95,'risus. Nulla eget metus eu erat','2021-03-06 17:44:06'),(564,64,25,'mus. Proin vel arcu eu odio tristique pharetra.','2019-12-23 01:10:51'),(565,100,62,'laoreet ipsum. Curabitur consequat, lectus sit','2021-01-21 21:27:05'),(566,96,19,'sit amet nulla. Donec','2019-06-26 02:19:25'),(567,5,10,'dui. Cum sociis natoque penatibus et magnis dis parturient','2020-01-30 09:44:29'),(568,49,8,'malesuada vel, venenatis vel,','2020-01-05 13:06:42'),(569,68,95,'nunc est, mollis non, cursus non,','2019-11-05 14:31:10'),(570,92,66,'molestie tortor nibh sit amet','2019-09-23 12:12:25'),(571,72,60,'lorem vitae odio sagittis semper. Nam tempor diam dictum sapien.','2019-10-01 11:07:29'),(572,42,95,'elit fermentum risus, at fringilla purus','2021-04-28 06:01:10'),(573,4,56,'consectetuer mauris id sapien. Cras','2019-07-12 21:11:30'),(574,92,76,'nulla. In tincidunt congue turpis. In condimentum. Donec','2020-08-05 15:22:27'),(575,29,62,'at arcu. Vestibulum','2019-08-29 19:15:33'),(576,70,77,'metus urna convallis erat, eget tincidunt dui augue eu tellus.','2021-01-23 07:42:19'),(577,89,37,'tincidunt congue turpis. In condimentum. Donec at arcu.','2021-03-28 06:18:36'),(578,81,20,'sodales nisi magna sed dui. Fusce aliquam, enim nec tempus','2020-10-11 07:26:45'),(579,53,60,'risus. Donec egestas. Aliquam nec','2019-09-08 00:08:14'),(580,87,99,'porttitor tellus non magna. Nam ligula elit, pretium et, rutrum','2021-03-23 06:59:01'),(581,78,55,'nisl arcu iaculis','2021-05-06 19:46:34'),(582,59,82,'rutrum lorem ac risus. Morbi','2020-09-20 15:09:46'),(583,2,16,'mauris a nunc.','2021-01-26 05:21:11'),(584,63,87,'Duis sit amet diam','2019-12-12 22:14:24'),(585,43,2,'nec, cursus a, enim. Suspendisse','2020-04-14 00:23:45'),(586,88,88,'commodo at, libero. Morbi accumsan','2020-02-01 09:02:44'),(587,86,27,'vestibulum nec, euismod in, dolor. Fusce feugiat. Lorem','2020-11-10 19:50:12'),(588,43,57,'augue id ante dictum cursus. Nunc mauris elit,','2021-04-23 15:25:01'),(589,91,83,'neque tellus, imperdiet non, vestibulum nec, euismod in,','2020-02-04 09:03:39'),(590,18,99,'Nunc mauris. Morbi non sapien molestie orci tincidunt','2020-11-09 01:09:00'),(591,50,19,'penatibus et magnis dis parturient montes, nascetur ridiculus','2019-12-14 04:45:29'),(592,100,20,'ut, nulla. Cras','2020-05-14 05:52:42'),(593,59,79,'amet diam eu dolor egestas rhoncus.','2019-10-23 09:12:02'),(594,32,77,'elit erat vitae risus. Duis a','2020-01-15 08:24:10'),(595,83,43,'amet, risus. Donec','2020-07-04 08:19:09'),(596,81,98,'velit. Quisque varius. Nam porttitor scelerisque neque. Nullam','2019-11-03 23:08:30'),(597,55,78,'Pellentesque habitant morbi','2019-06-18 14:19:37'),(598,70,24,'justo eu arcu.','2020-07-20 16:20:41'),(599,94,68,'ultrices, mauris ipsum porta elit, a feugiat tellus lorem','2020-06-15 23:24:35'),(600,77,16,'arcu. Curabitur ut odio vel est tempor bibendum. Donec felis','2020-09-18 03:11:43'),(601,45,23,'ut, pharetra sed,','2020-03-29 20:08:40'),(602,69,41,'tellus lorem eu metus. In','2019-07-27 12:09:27'),(603,96,83,'neque. Morbi quis urna. Nunc quis arcu','2021-05-11 02:14:26'),(604,66,47,'netus et malesuada fames ac turpis egestas. Aliquam fringilla cursus','2019-12-18 13:32:28'),(605,99,75,'consequat nec, mollis vitae, posuere','2020-12-08 02:23:55'),(606,94,16,'ornare, libero at auctor ullamcorper,','2021-04-16 16:27:18'),(607,90,23,'sapien imperdiet ornare. In faucibus. Morbi vehicula. Pellentesque tincidunt tempus','2020-12-13 20:26:07'),(608,19,46,'Suspendisse sagittis. Nullam vitae diam.','2019-08-09 23:42:37'),(609,79,28,'auctor, velit eget laoreet posuere, enim nisl elementum purus, accumsan','2020-05-05 01:11:42'),(610,72,12,'magna a tortor. Nunc','2020-06-06 11:36:26'),(611,15,21,'cursus in, hendrerit consectetuer, cursus et, magna. Praesent','2020-11-29 07:50:25'),(612,97,20,'fermentum risus, at fringilla purus mauris a nunc.','2020-12-14 21:50:56'),(613,86,64,'a feugiat tellus lorem eu metus. In','2021-03-16 03:36:49'),(614,23,98,'turpis nec mauris blandit','2021-01-13 01:58:58'),(615,91,50,'Integer id magna et ipsum','2020-08-27 18:24:58'),(616,62,75,'tellus eu augue porttitor interdum. Sed auctor odio','2019-09-22 01:30:22'),(617,59,94,'in aliquet lobortis,','2019-10-10 02:57:51'),(618,84,31,'est. Nunc laoreet lectus quis','2019-07-24 14:59:36'),(619,24,14,'Nunc pulvinar arcu et pede.','2019-09-18 07:31:08'),(620,65,99,'massa. Vestibulum accumsan','2019-12-04 01:25:46'),(621,20,26,'Integer sem elit, pharetra','2019-12-31 23:03:51'),(622,30,86,'Donec luctus aliquet odio. Etiam ligula tortor, dictum','2020-01-09 04:40:31'),(623,65,22,'Lorem ipsum dolor sit amet, consectetuer','2020-09-27 17:21:59'),(624,6,68,'Duis ac arcu. Nunc mauris.','2019-06-18 07:19:43'),(625,51,46,'gravida. Aliquam tincidunt, nunc ac mattis ornare,','2019-08-03 06:02:43'),(626,88,69,'molestie in, tempus eu,','2020-09-03 06:21:30'),(627,75,87,'scelerisque dui. Suspendisse ac metus vitae velit','2021-05-05 18:25:08'),(628,15,40,'vitae odio sagittis semper.','2020-02-02 03:55:08'),(629,20,7,'quis arcu vel quam dignissim pharetra. Nam ac nulla. In','2020-01-04 05:00:45'),(630,46,95,'sodales. Mauris blandit enim consequat purus. Maecenas libero est,','2019-07-01 21:31:00'),(631,14,7,'aliquam, enim nec tempus scelerisque, lorem ipsum sodales','2020-02-13 01:44:45'),(632,73,86,'leo, in lobortis tellus justo sit','2019-09-14 06:33:02'),(633,51,22,'Donec consectetuer mauris id sapien. Cras','2019-09-18 03:47:16'),(634,69,49,'ut lacus. Nulla tincidunt, neque vitae','2019-12-08 06:52:34'),(635,92,21,'volutpat ornare, facilisis eget, ipsum. Donec sollicitudin adipiscing ligula. Aenean','2020-03-09 10:16:27'),(636,19,32,'lorem fringilla ornare placerat, orci lacus vestibulum lorem, sit amet','2019-07-03 01:30:54'),(637,25,48,'mi fringilla mi lacinia','2020-07-31 08:41:55'),(638,19,72,'vitae mauris sit amet lorem semper','2019-11-19 12:19:09'),(639,56,82,'elementum sem, vitae aliquam eros turpis non enim. Mauris quis','2019-11-19 00:25:54'),(640,28,83,'vestibulum lorem, sit amet ultricies sem magna nec quam. Curabitur','2019-06-21 05:32:26'),(641,21,42,'pede nec ante blandit','2019-10-21 08:50:19'),(642,6,57,'dictum cursus. Nunc mauris elit, dictum eu, eleifend nec, malesuada','2019-10-07 11:39:13'),(643,59,88,'auctor quis, tristique ac, eleifend vitae, erat.','2021-04-28 09:44:53'),(644,99,9,'in consectetuer ipsum nunc id enim.','2020-01-27 18:58:09'),(645,43,60,'nec ante blandit viverra.','2020-07-26 03:05:13'),(646,63,62,'Donec vitae erat vel pede blandit congue. In scelerisque','2019-11-25 18:08:12'),(647,27,82,'libero. Morbi accumsan laoreet ipsum. Curabitur','2020-02-22 16:30:14'),(648,46,56,'Curabitur sed tortor. Integer aliquam adipiscing','2019-08-25 21:36:31'),(649,16,34,'ac tellus. Suspendisse sed dolor.','2020-06-03 22:09:00'),(650,83,9,'dui. Suspendisse ac','2021-05-19 23:09:22'),(651,89,6,'semper cursus. Integer mollis. Integer tincidunt aliquam','2020-08-17 19:39:29'),(652,95,64,'sem molestie sodales.','2019-08-03 20:08:21'),(653,65,43,'vel sapien imperdiet ornare. In faucibus. Morbi','2020-06-11 04:20:16'),(654,94,89,'mauris. Suspendisse aliquet','2020-06-21 08:18:12'),(655,68,85,'erat, in consectetuer','2020-08-13 14:53:42'),(656,99,84,'purus. Nullam scelerisque neque','2020-01-02 09:49:17'),(657,48,25,'erat nonummy ultricies ornare, elit elit fermentum risus, at fringilla','2020-03-16 20:02:13'),(658,71,58,'adipiscing elit. Etiam laoreet, libero et tristique pellentesque,','2020-08-15 03:36:44'),(659,72,4,'Vivamus nibh dolor, nonummy ac, feugiat','2019-09-13 09:01:42'),(660,47,38,'amet ante. Vivamus non lorem vitae odio sagittis semper. Nam','2020-02-03 16:49:26'),(661,54,75,'adipiscing elit. Etiam laoreet, libero et tristique pellentesque, tellus','2020-06-16 11:41:22'),(662,64,60,'lorem, luctus ut,','2020-06-27 19:51:09'),(663,28,26,'et tristique pellentesque, tellus sem mollis dui, in sodales elit','2021-02-03 06:52:51'),(664,17,7,'ullamcorper viverra. Maecenas iaculis','2021-05-16 13:59:02'),(665,85,51,'Quisque ac libero nec ligula consectetuer rhoncus. Nullam velit','2019-10-18 01:22:48'),(666,73,99,'Mauris molestie pharetra nibh. Aliquam','2020-01-06 04:07:12'),(667,18,42,'dolor sit amet, consectetuer adipiscing elit. Etiam','2019-05-29 03:56:26'),(668,96,87,'sodales purus, in molestie tortor nibh sit amet orci.','2020-07-24 21:26:46'),(669,7,74,'ultricies ligula. Nullam enim. Sed','2019-11-01 19:34:27'),(670,18,4,'vitae semper egestas, urna justo','2019-11-15 22:05:06'),(671,15,91,'risus. Donec egestas. Duis ac arcu. Nunc mauris. Morbi non','2020-09-26 07:32:13'),(672,41,14,'mauris erat eget','2020-09-14 09:11:42'),(673,73,80,'risus varius orci, in consequat enim diam vel','2020-05-20 06:20:41'),(674,97,19,'Proin mi. Aliquam gravida mauris ut mi. Duis','2020-04-11 10:44:08'),(675,21,42,'varius. Nam porttitor scelerisque neque. Nullam nisl. Maecenas malesuada','2021-03-24 03:30:33'),(676,60,48,'tortor, dictum eu, placerat','2019-12-25 10:53:20'),(677,45,74,'laoreet posuere, enim nisl','2020-02-28 21:05:27'),(678,64,45,'tempor lorem, eget mollis lectus pede et risus. Quisque','2019-06-09 15:36:57'),(679,33,77,'dictum placerat, augue. Sed molestie. Sed id','2021-02-12 10:36:19'),(680,29,78,'enim. Sed nulla ante, iaculis nec, eleifend non,','2020-04-12 12:29:44'),(681,54,87,'nec quam. Curabitur vel lectus. Cum sociis natoque penatibus et','2019-07-29 04:42:37'),(682,36,30,'erat. Etiam vestibulum massa rutrum','2021-03-05 04:57:24'),(683,17,85,'ultrices. Duis volutpat nunc sit','2019-12-31 13:47:50'),(684,88,83,'dignissim lacus. Aliquam rutrum lorem','2021-05-24 15:11:14'),(685,49,14,'fermentum risus, at fringilla purus mauris','2020-10-31 11:51:22'),(686,79,11,'Donec tincidunt. Donec vitae','2020-01-24 14:24:20'),(687,7,93,'lorem, sit amet ultricies sem magna nec','2019-07-26 04:47:03'),(688,70,2,'at, egestas a, scelerisque sed, sapien. Nunc pulvinar arcu et','2019-09-25 08:28:29'),(689,88,94,'Mauris magna. Duis dignissim tempor arcu. Vestibulum ut eros non','2019-10-10 03:01:53'),(690,95,25,'nec, leo. Morbi neque tellus, imperdiet non, vestibulum','2021-01-27 07:03:51'),(691,26,31,'luctus. Curabitur egestas','2019-07-17 18:32:15'),(692,96,99,'quis urna. Nunc quis arcu vel quam','2019-09-23 00:14:28'),(693,74,50,'sem mollis dui, in sodales elit','2019-08-19 11:16:24'),(694,48,4,'vitae purus gravida sagittis. Duis gravida. Praesent','2020-01-17 02:44:10'),(695,64,68,'eget, venenatis a, magna. Lorem ipsum dolor sit amet,','2020-08-11 15:47:38'),(696,64,85,'Suspendisse ac metus','2020-12-04 01:26:25'),(697,9,81,'Sed nunc est, mollis non, cursus','2020-08-01 18:55:08'),(698,72,25,'arcu eu odio tristique pharetra.','2020-03-15 06:26:25'),(699,49,43,'scelerisque sed, sapien. Nunc pulvinar','2020-05-05 18:56:29'),(700,80,37,'malesuada fringilla est. Mauris eu turpis.','2020-09-20 02:23:03'),(701,21,15,'ante, iaculis nec, eleifend non,','2021-01-21 01:14:47'),(702,7,49,'quis, tristique ac, eleifend vitae, erat. Vivamus nisi. Mauris','2020-12-28 21:56:50'),(703,50,89,'mollis. Phasellus libero mauris, aliquam eu, accumsan sed, facilisis vitae,','2020-01-26 08:01:09'),(704,41,33,'vel est tempor bibendum. Donec felis orci, adipiscing','2020-12-13 07:37:13'),(705,68,72,'Aliquam nisl. Nulla eu neque pellentesque massa lobortis ultrices. Vivamus','2019-09-28 02:24:35'),(706,83,96,'Aliquam fringilla cursus','2020-12-27 18:52:37'),(707,73,62,'cubilia Curae; Phasellus','2020-10-04 07:36:09'),(708,45,84,'magna sed dui. Fusce aliquam,','2020-10-06 12:02:11'),(709,14,97,'eget laoreet posuere, enim nisl elementum','2020-03-13 14:47:20'),(710,3,63,'id, erat. Etiam','2021-05-22 02:09:29'),(711,39,63,'libero. Morbi accumsan laoreet ipsum. Curabitur consequat, lectus','2020-10-19 10:42:36'),(712,36,20,'dis parturient montes, nascetur ridiculus mus. Donec dignissim','2020-05-29 15:29:52'),(713,42,87,'scelerisque neque. Nullam nisl. Maecenas malesuada fringilla','2021-01-30 18:04:43'),(714,66,19,'auctor. Mauris vel turpis. Aliquam adipiscing lobortis risus. In mi','2020-03-09 09:42:44'),(715,73,38,'Phasellus ornare. Fusce mollis. Duis sit','2020-07-22 20:18:52'),(716,31,82,'tristique senectus et netus et malesuada','2020-08-07 08:27:36'),(717,40,93,'ornare. Fusce mollis. Duis sit amet diam','2019-07-24 20:50:09'),(718,20,9,'diam luctus lobortis. Class aptent taciti sociosqu ad litora','2019-05-29 12:43:03'),(719,92,44,'porta elit, a','2020-08-01 19:57:40'),(720,73,62,'neque vitae semper egestas, urna justo faucibus lectus,','2020-09-02 21:06:10'),(721,23,35,'facilisis facilisis, magna tellus faucibus leo, in','2019-08-11 20:43:32'),(722,63,5,'nulla vulputate dui, nec tempus mauris erat eget ipsum. Suspendisse','2020-03-21 14:29:20'),(723,16,41,'in lobortis tellus justo','2020-02-26 01:48:07'),(724,40,87,'sem semper erat, in consectetuer ipsum nunc id enim. Curabitur','2021-04-01 15:50:11'),(725,16,3,'arcu. Vivamus sit amet risus.','2019-06-05 20:22:19'),(726,52,29,'amet ornare lectus','2019-08-22 16:14:33'),(727,77,69,'est ac mattis semper, dui lectus rutrum urna, nec','2021-01-11 15:06:13'),(728,22,73,'ultricies ornare, elit elit','2019-11-06 04:57:18'),(729,14,27,'Etiam laoreet, libero et','2020-10-19 04:57:47'),(730,94,54,'vitae diam. Proin dolor. Nulla','2020-07-21 02:32:50'),(731,1,13,'Donec egestas. Aliquam nec enim. Nunc','2020-05-31 21:16:43'),(732,33,56,'at risus. Nunc ac sem ut dolor dapibus gravida.','2021-04-10 07:51:30'),(733,19,66,'orci tincidunt adipiscing. Mauris molestie pharetra nibh.','2019-09-15 19:09:40'),(734,33,53,'nibh lacinia orci,','2019-11-20 15:31:30'),(735,38,19,'elit, pretium et, rutrum non, hendrerit id, ante. Nunc','2020-11-29 23:07:55'),(736,77,22,'amet diam eu dolor egestas rhoncus. Proin nisl sem, consequat','2019-08-29 07:44:34'),(737,13,99,'vel, venenatis vel, faucibus','2021-02-02 15:51:56'),(738,25,77,'dictum placerat, augue. Sed molestie. Sed id risus quis','2019-06-29 08:58:25'),(739,67,89,'neque venenatis lacus. Etiam bibendum','2020-08-20 19:17:22'),(740,96,96,'congue turpis. In condimentum.','2020-11-14 09:57:27'),(741,18,51,'lectus quis massa. Mauris vestibulum,','2019-10-29 00:54:54'),(742,99,98,'blandit congue. In scelerisque scelerisque dui. Suspendisse ac metus','2020-07-23 11:02:29'),(743,52,69,'enim. Suspendisse aliquet, sem','2020-02-27 03:08:53'),(744,77,31,'vestibulum. Mauris magna. Duis dignissim tempor arcu. Vestibulum','2021-05-03 10:24:36'),(745,14,18,'purus. Nullam scelerisque neque','2020-10-21 13:08:11'),(746,29,8,'metus. Aenean sed pede nec ante blandit viverra.','2020-09-19 16:18:50'),(747,98,94,'eget magna. Suspendisse tristique neque venenatis lacus. Etiam','2020-11-02 16:05:10'),(748,75,90,'pede, malesuada vel, venenatis vel, faucibus id, libero. Donec','2019-10-20 06:38:55'),(749,94,24,'Sed malesuada augue ut lacus. Nulla tincidunt, neque vitae','2020-01-27 15:41:57'),(750,18,83,'Aliquam erat volutpat. Nulla dignissim. Maecenas','2019-06-18 22:08:23'),(751,20,4,'Fusce diam nunc, ullamcorper eu,','2019-08-14 21:04:01'),(752,32,23,'molestie orci tincidunt','2020-12-17 20:32:21'),(753,9,26,'feugiat. Sed nec metus facilisis','2020-11-12 04:03:28'),(754,62,44,'fermentum convallis ligula. Donec luctus aliquet odio. Etiam ligula tortor,','2021-01-27 01:13:31'),(755,39,30,'orci, in consequat','2020-05-12 17:50:02'),(756,16,84,'aliquam eu, accumsan','2019-12-31 16:40:07'),(757,90,86,'commodo at, libero.','2019-05-30 04:33:54'),(758,68,83,'dictum eleifend, nunc risus varius orci, in','2019-10-03 09:32:20'),(759,21,30,'Mauris vestibulum, neque sed dictum eleifend, nunc risus varius orci,','2019-09-20 11:57:50'),(760,32,85,'Nam nulla magna, malesuada vel,','2021-04-04 04:43:26'),(761,52,86,'Sed nulla ante, iaculis nec, eleifend non, dapibus rutrum,','2020-01-10 01:31:30'),(762,47,52,'in, hendrerit consectetuer, cursus et, magna. Praesent interdum','2019-10-08 22:43:11'),(763,1,5,'lectus ante dictum mi, ac mattis','2021-01-26 05:56:11'),(764,43,83,'nascetur ridiculus mus. Aenean eget magna. Suspendisse','2021-04-19 02:17:29'),(765,56,31,'Sed congue, elit sed consequat','2020-07-02 03:00:18'),(766,19,33,'lobortis ultrices. Vivamus rhoncus. Donec est. Nunc ullamcorper,','2020-06-05 03:08:46'),(767,23,40,'ipsum sodales purus, in molestie tortor','2020-04-06 03:57:01'),(768,77,78,'felis eget varius ultrices,','2020-07-08 17:02:27'),(769,58,22,'Duis volutpat nunc sit amet metus. Aliquam erat','2020-07-11 20:13:27'),(770,40,58,'ligula eu enim. Etiam','2019-12-17 15:22:05'),(771,51,78,'sagittis augue, eu tempor erat neque non quam.','2019-11-04 23:50:58'),(772,67,96,'elementum, lorem ut aliquam iaculis, lacus','2020-07-24 20:26:25'),(773,24,54,'a feugiat tellus lorem eu metus.','2020-06-23 00:26:35'),(774,20,54,'lorem, sit amet ultricies sem magna nec quam.','2019-09-28 10:43:49'),(775,82,98,'auctor quis, tristique ac, eleifend','2019-10-07 03:35:43'),(776,18,80,'eget mollis lectus pede et risus. Quisque libero lacus, varius','2020-11-14 22:10:05'),(777,10,19,'aliquam arcu. Aliquam ultrices iaculis odio. Nam interdum enim non','2020-10-10 17:47:10'),(778,28,52,'malesuada fringilla est. Mauris eu turpis.','2021-02-10 00:55:15'),(779,25,42,'dictum mi, ac','2019-08-25 23:36:52'),(780,69,36,'lacus. Quisque purus sapien, gravida non, sollicitudin a,','2019-09-22 05:55:00'),(781,29,71,'consequat nec, mollis vitae, posuere at, velit. Cras lorem lorem,','2021-02-11 01:27:11'),(782,53,33,'nisi nibh lacinia orci, consectetuer','2020-07-04 01:22:13'),(783,79,49,'egestas ligula. Nullam feugiat placerat velit. Quisque varius. Nam porttitor','2019-10-01 12:02:43'),(784,85,5,'lectus pede, ultrices a, auctor non, feugiat nec, diam. Duis','2019-11-21 23:56:30'),(785,21,9,'natoque penatibus et magnis dis','2019-07-28 13:51:03'),(786,41,27,'diam. Duis mi enim, condimentum eget, volutpat ornare, facilisis','2019-10-25 18:59:47'),(787,12,37,'laoreet, libero et tristique pellentesque, tellus','2020-01-16 02:18:56'),(788,43,36,'ornare, facilisis eget, ipsum. Donec sollicitudin','2020-07-18 23:34:10'),(789,10,3,'fringilla. Donec feugiat metus sit','2021-05-13 02:33:14'),(790,90,72,'hendrerit neque. In ornare sagittis felis. Donec','2020-04-21 10:30:08'),(791,44,68,'odio. Aliquam vulputate ullamcorper magna. Sed eu eros. Nam consequat','2019-05-30 21:48:38'),(792,76,25,'porttitor vulputate, posuere vulputate, lacus. Cras interdum. Nunc sollicitudin','2019-10-11 10:18:33'),(793,39,52,'Cras pellentesque. Sed dictum. Proin','2020-08-09 21:19:23'),(794,62,56,'interdum. Nunc sollicitudin commodo ipsum.','2019-05-25 00:54:06'),(795,8,77,'adipiscing lobortis risus.','2020-07-29 03:49:42'),(796,31,30,'Nulla facilisi. Sed neque. Sed eget lacus. Mauris non','2020-03-31 14:21:31'),(797,13,58,'at, velit. Pellentesque','2021-01-27 21:22:57'),(798,28,50,'vitae erat vel pede blandit congue. In scelerisque','2019-09-25 20:03:03'),(799,96,87,'mauris a nunc. In at pede. Cras vulputate velit','2019-10-05 10:05:46'),(800,21,13,'ac metus vitae','2021-04-06 22:23:52'),(801,75,100,'diam. Proin dolor. Nulla semper tellus id nunc interdum','2020-03-04 12:55:05'),(802,34,15,'ipsum dolor sit amet, consectetuer','2020-10-18 11:43:20'),(803,5,98,'Morbi non sapien molestie orci','2020-08-07 17:48:35'),(804,18,8,'sagittis semper. Nam','2020-09-05 16:43:16'),(805,26,57,'ornare. Fusce mollis. Duis sit amet diam eu dolor egestas','2020-12-25 04:50:12'),(806,14,2,'sed tortor. Integer aliquam adipiscing lacus. Ut','2021-04-27 00:26:16'),(807,63,2,'in, tempus eu, ligula. Aenean euismod mauris eu elit. Nulla','2021-03-29 23:51:29'),(808,48,3,'non arcu. Vivamus','2020-04-13 15:55:35'),(809,43,41,'Mauris ut quam vel sapien imperdiet ornare. In faucibus.','2021-02-28 17:22:57'),(810,32,84,'pede, malesuada vel, venenatis','2020-09-30 12:02:27'),(811,68,38,'dapibus id, blandit at, nisi. Cum sociis natoque penatibus et','2019-07-01 07:33:12'),(812,67,94,'placerat velit. Quisque varius. Nam porttitor','2019-12-12 16:36:16'),(813,20,12,'sodales. Mauris blandit enim consequat purus. Maecenas libero est,','2020-01-05 09:14:30'),(814,77,68,'eu, placerat eget, venenatis a, magna.','2020-11-18 17:44:49'),(815,74,76,'risus. In mi pede, nonummy ut, molestie','2020-04-02 16:04:44'),(816,35,38,'ac sem ut','2020-06-03 10:37:02'),(817,61,14,'mollis vitae, posuere at, velit. Cras lorem','2020-08-23 06:34:46'),(818,46,22,'volutpat. Nulla dignissim. Maecenas ornare egestas','2020-03-26 08:13:46'),(819,25,41,'Nulla semper tellus id','2020-05-11 06:37:11'),(820,8,39,'interdum. Curabitur dictum. Phasellus in felis. Nulla tempor','2020-11-22 01:21:05'),(821,45,44,'felis. Donec tempor,','2020-03-09 12:26:26'),(822,96,77,'Aliquam tincidunt, nunc ac mattis ornare, lectus ante dictum','2020-01-26 18:22:03'),(823,51,84,'a sollicitudin orci sem','2020-08-24 05:32:24'),(824,36,35,'In faucibus. Morbi vehicula. Pellentesque tincidunt tempus','2020-02-06 04:06:25'),(825,68,16,'lectus pede, ultrices a, auctor non, feugiat nec, diam. Duis','2020-02-25 23:44:42'),(826,50,93,'sapien, gravida non, sollicitudin a, malesuada','2019-08-22 10:18:37'),(827,19,86,'a felis ullamcorper','2020-02-29 20:58:08'),(828,50,36,'et magnis dis parturient','2021-03-16 18:50:38'),(829,51,3,'diam luctus lobortis. Class','2020-04-12 13:42:59'),(830,1,95,'pede, malesuada vel, venenatis vel, faucibus','2021-04-23 15:25:48'),(831,99,87,'Vivamus euismod urna. Nullam lobortis quam','2019-09-16 23:38:19'),(832,86,31,'adipiscing elit. Curabitur sed','2021-01-11 10:51:59'),(833,21,60,'ut, pharetra sed, hendrerit a, arcu. Sed et libero.','2019-06-15 19:39:02'),(834,100,30,'id, blandit at, nisi. Cum sociis natoque','2020-01-07 14:16:40'),(835,85,20,'dui, in sodales elit','2019-10-17 11:00:19'),(836,69,24,'lorem, vehicula et,','2021-04-09 01:03:06'),(837,30,6,'non, dapibus rutrum, justo. Praesent luctus. Curabitur egestas','2020-05-05 07:40:45'),(838,41,98,'arcu. Aliquam ultrices iaculis odio. Nam interdum enim non nisi.','2020-04-23 05:27:48'),(839,16,84,'Nunc mauris. Morbi','2020-02-27 05:36:53'),(840,53,99,'non, lobortis quis, pede. Suspendisse','2021-02-23 09:48:55'),(841,45,54,'blandit congue. In scelerisque scelerisque dui. Suspendisse ac metus','2020-01-19 12:56:26'),(842,8,10,'euismod ac, fermentum vel, mauris. Integer sem elit, pharetra','2020-08-24 16:38:21'),(843,38,20,'Etiam gravida molestie arcu. Sed eu nibh','2020-01-05 09:04:22'),(844,40,3,'eget, venenatis a, magna. Lorem ipsum dolor sit amet,','2019-10-09 20:02:45'),(845,53,16,'diam eu dolor egestas rhoncus. Proin nisl sem, consequat','2020-02-14 12:09:10'),(846,15,42,'a odio semper cursus. Integer mollis. Integer','2021-02-19 12:28:31'),(847,80,1,'ut dolor dapibus gravida. Aliquam tincidunt, nunc ac mattis','2020-04-12 13:26:46'),(848,13,99,'magna. Ut tincidunt orci quis lectus. Nullam suscipit,','2020-09-20 19:08:12'),(849,25,73,'non magna. Nam','2020-04-23 20:18:33'),(850,95,29,'sem magna nec','2019-08-28 06:43:59'),(851,29,76,'urna. Ut tincidunt vehicula risus. Nulla eget','2021-04-22 09:46:55'),(852,13,61,'lorem, luctus ut, pellentesque eget,','2021-02-09 19:02:43'),(853,33,81,'porta elit, a','2021-01-25 18:12:22'),(854,45,30,'sapien. Nunc pulvinar arcu et pede. Nunc','2019-11-16 12:06:43'),(855,99,68,'Nulla eget metus eu erat semper rutrum.','2019-10-19 23:33:28'),(856,25,85,'metus. In nec orci. Donec nibh. Quisque nonummy ipsum non','2019-08-19 21:55:26'),(857,34,27,'lacus. Mauris non dui nec urna suscipit nonummy. Fusce','2020-04-11 12:20:00'),(858,1,78,'gravida sagittis. Duis','2020-03-18 04:40:21'),(859,45,64,'elit, pretium et, rutrum non, hendrerit id, ante. Nunc','2019-06-26 19:28:05'),(860,91,84,'pede. Cras vulputate velit eu sem. Pellentesque ut','2020-04-04 06:15:48'),(861,12,35,'eu, accumsan sed, facilisis vitae, orci. Phasellus dapibus quam','2020-05-21 10:24:54'),(862,34,97,'nec tellus. Nunc lectus','2020-03-25 13:41:07'),(863,83,73,'faucibus ut, nulla. Cras eu tellus','2021-02-28 20:30:59'),(864,5,63,'faucibus leo, in lobortis tellus justo sit amet','2019-11-18 21:23:57'),(865,75,68,'elit. Aliquam auctor, velit eget laoreet posuere,','2020-04-22 12:28:35'),(866,33,69,'sollicitudin commodo ipsum. Suspendisse non leo. Vivamus nibh dolor,','2020-01-10 05:39:37'),(867,86,25,'sed orci lobortis augue','2021-03-05 17:08:26'),(868,8,22,'eu, accumsan sed, facilisis vitae, orci. Phasellus dapibus quam quis','2019-10-13 14:34:20'),(869,47,13,'Donec fringilla. Donec feugiat metus','2020-01-13 02:51:46'),(870,20,26,'consectetuer adipiscing elit. Aliquam auctor, velit eget laoreet posuere, enim','2021-03-10 03:00:17'),(871,41,49,'Pellentesque ut ipsum ac mi eleifend egestas. Sed pharetra,','2019-12-16 13:58:09'),(872,33,100,'magnis dis parturient','2020-04-20 14:50:12'),(873,31,79,'eget tincidunt dui augue eu','2020-03-20 17:24:16'),(874,54,1,'eget laoreet posuere, enim nisl elementum','2019-07-10 17:30:30'),(875,68,6,'fermentum metus. Aenean sed pede nec ante','2021-01-17 11:31:15'),(876,34,77,'aliquet lobortis, nisi nibh lacinia orci, consectetuer euismod est','2020-01-05 11:02:02'),(877,9,64,'egestas nunc sed','2019-06-04 01:53:22'),(878,2,58,'orci. Ut sagittis lobortis mauris. Suspendisse aliquet molestie tellus.','2020-02-10 20:54:46'),(879,70,74,'elementum sem, vitae aliquam eros turpis non enim.','2019-08-26 01:58:53'),(880,78,73,'sit amet risus. Donec egestas. Aliquam nec enim.','2019-11-11 02:08:04'),(881,56,55,'id magna et ipsum cursus vestibulum.','2021-04-11 22:14:38'),(882,48,51,'in consectetuer ipsum nunc id enim. Curabitur','2019-06-23 00:12:16'),(883,95,65,'sagittis semper. Nam tempor','2019-06-21 16:30:15'),(884,40,76,'risus. Quisque libero lacus, varius et,','2020-03-03 11:01:39'),(885,87,91,'habitant morbi tristique senectus et','2020-01-09 23:34:17'),(886,42,92,'mauris, rhoncus id, mollis','2020-01-04 23:27:42'),(887,51,35,'ut quam vel sapien imperdiet ornare. In faucibus. Morbi','2020-12-27 02:44:32'),(888,76,66,'risus odio, auctor vitae, aliquet nec,','2021-04-01 23:04:20'),(889,50,14,'aptent taciti sociosqu ad litora torquent','2020-08-31 03:23:35'),(890,43,21,'fringilla. Donec feugiat','2021-03-07 11:18:57'),(891,86,18,'sed libero. Proin sed turpis nec','2020-12-26 18:45:43'),(892,16,71,'massa rutrum magna. Cras convallis convallis dolor. Quisque','2021-03-30 05:36:07'),(893,22,89,'vehicula risus. Nulla eget','2020-02-26 01:29:10'),(894,30,32,'Mauris quis turpis vitae purus gravida sagittis. Duis gravida.','2020-11-08 18:09:20'),(895,1,42,'Aenean gravida nunc sed pede. Cum','2020-11-15 18:33:07'),(896,94,64,'dolor, nonummy ac, feugiat','2021-01-11 10:21:59'),(897,23,10,'quam vel sapien imperdiet ornare. In faucibus.','2021-01-07 23:05:29'),(898,77,86,'justo faucibus lectus, a sollicitudin orci','2020-04-08 22:45:40'),(899,23,53,'et risus. Quisque libero lacus, varius et, euismod','2020-12-11 17:05:39'),(900,51,100,'sem elit, pharetra ut,','2019-10-11 11:02:46'),(901,24,20,'eget nisi dictum augue malesuada malesuada. Integer','2020-09-04 13:03:28'),(902,81,86,'pellentesque eget, dictum placerat, augue. Sed molestie.','2019-09-25 08:35:45'),(903,57,77,'nulla. In tincidunt congue turpis. In condimentum. Donec at','2019-11-14 00:37:28'),(904,67,40,'Cras convallis convallis dolor. Quisque tincidunt pede ac urna. Ut','2020-11-20 15:44:06'),(905,59,26,'orci quis lectus. Nullam','2020-02-01 21:39:21'),(906,9,26,'vel, venenatis vel, faucibus id, libero. Donec consectetuer mauris','2020-08-18 21:53:38'),(907,58,14,'sit amet, faucibus ut, nulla. Cras','2020-06-08 01:29:51'),(908,66,64,'vitae mauris sit amet lorem semper auctor.','2021-05-22 09:31:05'),(909,18,52,'convallis erat, eget tincidunt dui augue eu tellus. Phasellus elit','2021-03-28 05:22:45'),(910,97,63,'justo eu arcu.','2019-07-13 15:03:38'),(911,60,17,'Mauris non dui nec urna suscipit','2021-02-11 06:37:08'),(912,41,98,'ullamcorper magna. Sed eu eros. Nam consequat','2019-12-13 20:46:56'),(913,64,89,'lorem eu metus. In lorem. Donec elementum, lorem ut aliquam','2019-06-11 22:47:24'),(914,75,6,'ligula. Aliquam erat volutpat. Nulla dignissim. Maecenas ornare egestas ligula.','2020-12-08 22:53:16'),(915,26,63,'In ornare sagittis','2021-04-09 07:04:54'),(916,26,92,'mus. Proin vel','2020-01-26 12:38:16'),(917,17,6,'Mauris molestie pharetra nibh. Aliquam ornare, libero at','2019-10-15 12:56:40'),(918,17,13,'velit. Quisque varius. Nam porttitor scelerisque neque. Nullam nisl.','2019-06-15 05:02:15'),(919,3,44,'a felis ullamcorper viverra. Maecenas iaculis aliquet diam. Sed diam','2019-09-02 18:40:33'),(920,18,8,'tempor, est ac','2020-10-08 06:22:00'),(921,93,65,'porta elit, a feugiat tellus lorem','2019-08-15 02:21:28'),(922,62,84,'vel, venenatis vel, faucibus id, libero. Donec consectetuer mauris id','2019-09-09 00:18:11'),(923,62,72,'ipsum leo elementum sem, vitae aliquam eros turpis non enim.','2020-02-09 10:45:08'),(924,98,12,'malesuada ut, sem.','2019-05-27 03:39:52'),(925,39,70,'vitae diam. Proin dolor.','2019-06-22 11:17:03'),(926,53,50,'Fusce aliquet magna','2020-11-05 14:20:46'),(927,87,57,'Suspendisse eleifend. Cras sed leo. Cras vehicula','2021-03-21 09:22:51'),(928,81,97,'enim. Nunc ut erat. Sed','2021-04-10 11:46:43'),(929,69,15,'Proin mi. Aliquam','2020-06-09 00:01:14'),(930,58,21,'Lorem ipsum dolor sit amet, consectetuer adipiscing elit. Aliquam auctor,','2021-03-28 09:25:28'),(931,67,56,'dictum augue malesuada','2021-02-18 06:20:06'),(932,34,68,'Mauris blandit enim consequat purus. Maecenas','2020-12-02 10:02:32'),(933,45,90,'Etiam bibendum fermentum metus.','2021-03-14 19:29:46'),(934,38,49,'semper. Nam tempor diam dictum','2019-10-29 10:16:19'),(935,13,71,'dui. Fusce aliquam, enim nec','2019-07-13 03:01:03'),(936,73,6,'Praesent luctus. Curabitur egestas nunc sed libero. Proin sed','2019-09-13 16:16:20'),(937,87,91,'non, hendrerit id, ante. Nunc mauris','2021-05-07 10:24:50'),(938,54,59,'eu, euismod ac, fermentum vel, mauris. Integer sem elit,','2019-10-04 15:08:34'),(939,46,44,'habitant morbi tristique senectus et netus et malesuada','2021-03-23 07:40:37'),(940,42,44,'amet, consectetuer adipiscing elit. Etiam laoreet, libero et tristique pellentesque,','2019-09-02 13:18:29'),(941,73,91,'ut, nulla. Cras eu tellus eu augue porttitor interdum. Sed','2020-01-31 23:15:50'),(942,71,11,'eget, ipsum. Donec','2019-10-01 08:05:04'),(943,63,75,'Pellentesque tincidunt tempus','2019-11-07 22:41:00'),(944,100,35,'imperdiet ornare. In faucibus. Morbi','2020-10-04 22:13:43'),(945,21,77,'mus. Proin vel arcu eu odio tristique pharetra.','2020-08-28 09:34:41'),(946,25,18,'enim, gravida sit amet,','2019-11-21 23:25:16'),(947,78,9,'Suspendisse eleifend. Cras','2020-10-15 19:10:35'),(948,12,61,'malesuada vel, venenatis vel,','2020-08-08 03:08:23'),(949,78,73,'dictum sapien. Aenean massa. Integer vitae nibh.','2020-04-14 10:04:52'),(950,8,94,'Donec porttitor tellus','2021-01-23 05:10:09'),(951,81,63,'eu augue porttitor interdum. Sed auctor odio','2019-12-20 10:57:09'),(952,46,44,'in magna. Phasellus dolor elit, pellentesque a, facilisis non, bibendum','2019-08-21 13:07:32'),(953,20,19,'lacus pede sagittis augue, eu tempor erat neque non','2019-10-26 20:16:45'),(954,4,72,'risus. Nulla eget metus eu erat semper','2021-04-17 13:56:44'),(955,5,78,'dictum eleifend, nunc risus varius orci, in consequat enim','2021-03-20 23:04:56'),(956,77,10,'luctus. Curabitur egestas nunc sed libero. Proin','2021-05-24 20:30:19'),(957,46,18,'nulla. Integer urna. Vivamus molestie dapibus','2020-04-24 18:03:04'),(958,8,7,'Vestibulum accumsan neque et nunc. Quisque ornare','2021-03-18 20:52:56'),(959,5,71,'ultrices a, auctor non, feugiat nec, diam. Duis mi','2020-09-14 06:32:28'),(960,61,96,'sagittis semper. Nam tempor diam dictum sapien. Aenean','2019-05-27 12:22:34'),(961,93,27,'sem. Nulla interdum. Curabitur dictum. Phasellus in felis.','2019-10-17 17:35:09'),(962,35,51,'lectus convallis est, vitae sodales nisi magna sed dui. Fusce','2020-02-23 18:44:26'),(963,51,75,'egestas, urna justo faucibus','2020-05-20 22:45:37'),(964,45,68,'sit amet ante. Vivamus non lorem vitae','2020-04-26 09:45:54'),(965,56,49,'iaculis aliquet diam. Sed diam lorem, auctor quis, tristique','2020-07-05 07:10:19'),(966,19,17,'ultrices iaculis odio.','2020-12-10 08:52:40'),(967,35,62,'massa non ante bibendum ullamcorper. Duis cursus, diam at pretium','2020-07-09 05:42:42'),(968,61,5,'dolor dolor, tempus non, lacinia at, iaculis quis,','2019-12-07 10:19:42'),(969,70,14,'enim, gravida sit amet, dapibus id, blandit','2020-06-01 03:37:50'),(970,18,80,'sollicitudin orci sem eget massa. Suspendisse eleifend. Cras sed leo.','2021-02-14 07:45:36'),(971,77,4,'Mauris ut quam','2021-04-23 08:03:37'),(972,1,47,'risus. Donec nibh enim, gravida sit amet,','2020-03-31 22:37:00'),(973,25,71,'luctus et ultrices posuere cubilia Curae; Donec tincidunt. Donec','2019-06-22 18:25:39'),(974,80,23,'ridiculus mus. Aenean eget','2019-07-16 23:20:39'),(975,57,67,'elit, pharetra ut, pharetra sed, hendrerit a, arcu.','2020-05-24 04:22:18'),(976,14,85,'Vivamus rhoncus. Donec est. Nunc ullamcorper, velit in','2019-06-23 00:05:10'),(977,6,10,'ligula. Aenean euismod','2020-08-21 14:08:22'),(978,73,92,'at pede. Cras vulputate velit eu sem. Pellentesque ut','2019-07-05 04:47:43'),(979,54,20,'amet nulla. Donec non justo. Proin non','2020-11-25 12:20:37'),(980,81,12,'lectus, a sollicitudin orci','2020-11-24 02:46:24'),(981,30,23,'ornare, elit elit fermentum','2019-06-30 08:26:26'),(982,61,64,'vulputate, nisi sem semper','2020-07-19 20:14:43'),(983,93,69,'vulputate velit eu sem. Pellentesque ut ipsum ac','2019-12-22 01:49:25'),(984,72,64,'quis lectus. Nullam suscipit, est ac facilisis facilisis, magna tellus','2020-09-04 22:01:45'),(985,61,15,'Nullam lobortis quam a felis ullamcorper viverra. Maecenas iaculis','2020-06-20 01:59:23'),(986,70,84,'auctor odio a','2019-11-03 19:11:15'),(987,88,100,'arcu. Nunc mauris. Morbi non','2020-02-26 19:18:13'),(988,25,78,'pede blandit congue. In scelerisque','2020-10-13 06:04:51'),(989,60,48,'id sapien. Cras dolor','2020-10-27 13:17:10'),(990,50,90,'ullamcorper, nisl arcu iaculis','2020-05-08 05:04:42'),(991,95,3,'Suspendisse tristique neque venenatis lacus. Etiam bibendum','2020-06-02 17:24:15'),(992,50,33,'sit amet ultricies sem magna nec quam. Curabitur','2020-05-01 09:50:21'),(993,46,35,'non, egestas a, dui.','2019-07-27 06:03:44'),(994,97,22,'magna. Praesent interdum ligula eu enim. Etiam','2019-08-24 08:37:29'),(995,39,62,'quam quis diam. Pellentesque','2021-05-02 11:06:53'),(996,53,2,'turpis non enim.','2020-11-16 07:35:03'),(997,16,86,'aliquet. Proin velit. Sed malesuada augue ut lacus. Nulla tincidunt,','2020-12-30 05:05:45'),(998,46,29,'ultrices posuere cubilia Curae; Phasellus ornare. Fusce','2020-11-04 08:50:12'),(999,4,72,'Quisque imperdiet, erat nonummy','2020-07-19 11:36:12'),(1000,81,16,'Vestibulum ut eros non enim commodo hendrerit. Donec porttitor tellus','2020-03-17 02:53:24'),(1001,54,79,'blandit. Nam nulla magna, malesuada vel, convallis in, cursus et,','2020-04-29 20:08:47'),(1002,20,80,'Integer eu lacus. Quisque imperdiet, erat nonummy ultricies ornare, elit','2019-10-24 00:26:47'),(1003,67,16,'ipsum ac mi eleifend egestas. Sed','2020-11-03 01:31:30'),(1004,71,61,'tristique aliquet. Phasellus fermentum convallis ligula. Donec luctus aliquet odio.','2020-03-12 08:17:29'),(1005,40,69,'adipiscing non, luctus sit amet, faucibus ut, nulla. Cras eu','2020-08-11 20:32:36'),(1006,46,63,'enim. Nunc ut','2019-08-14 14:57:28'),(1007,90,6,'natoque penatibus et magnis dis parturient montes,','2021-04-30 22:18:23'),(1008,61,90,'mattis. Integer eu lacus.','2021-01-04 20:38:19'),(1009,84,34,'eu enim. Etiam imperdiet dictum magna. Ut tincidunt orci quis','2019-10-26 21:48:36'),(1010,1,24,'dui, in sodales elit erat','2020-10-22 09:28:04'),(1011,62,76,'sed, sapien. Nunc','2020-08-15 00:26:46'),(1012,17,43,'neque. Nullam ut nisi a odio semper cursus. Integer','2021-05-16 16:27:03'),(1013,40,45,'Curabitur dictum. Phasellus in felis. Nulla tempor augue ac ipsum.','2020-08-19 20:42:44'),(1014,82,56,'dis parturient montes, nascetur ridiculus mus. Proin vel arcu','2020-05-05 15:15:06'),(1015,20,40,'malesuada fames ac turpis egestas. Fusce aliquet magna a','2021-03-25 05:55:26'),(1016,1,48,'tincidunt congue turpis. In condimentum. Donec at arcu. Vestibulum','2020-08-17 21:06:36'),(1017,75,57,'adipiscing lobortis risus. In','2020-11-29 01:25:16'),(1018,73,87,'et, rutrum non, hendrerit','2019-12-25 14:30:06'),(1019,53,52,'vitae, erat. Vivamus nisi. Mauris nulla.','2020-03-05 03:54:15'),(1020,21,88,'fermentum vel, mauris. Integer sem','2020-03-06 16:37:31');
/*!40000 ALTER TABLE `messages` ENABLE KEYS */;
UNLOCK TABLES;

--
-- Table structure for table `profiles`
--

DROP TABLE IF EXISTS `profiles`;
/*!40101 SET @saved_cs_client     = @@character_set_client */;
/*!40101 SET character_set_client = utf8 */;
CREATE TABLE `profiles` (
  `user_id` bigint(20) unsigned NOT NULL AUTO_INCREMENT,
  `gender` char(1) COLLATE utf8_bin DEFAULT NULL,
  `birthday` date DEFAULT NULL,
  `photo_id` bigint(20) unsigned DEFAULT NULL,
  `hometown` varchar(128) COLLATE utf8_bin DEFAULT NULL,
  `created_at` datetime DEFAULT CURRENT_TIMESTAMP,
  `is_active` tinyint(1) DEFAULT '1',
  PRIMARY KEY (`user_id`),
  UNIQUE KEY `user_id` (`user_id`),
  CONSTRAINT `profiles_ibfk_1` FOREIGN KEY (`user_id`) REFERENCES `users` (`id`) ON UPDATE NO ACTION
) ENGINE=InnoDB AUTO_INCREMENT=101 DEFAULT CHARSET=utf8 COLLATE=utf8_bin;
/*!40101 SET character_set_client = @saved_cs_client */;

--
-- Dumping data for table `profiles`
--

LOCK TABLES `profiles` WRITE;
/*!40000 ALTER TABLE `profiles` DISABLE KEYS */;
INSERT INTO `profiles` (`user_id`, `gender`, `birthday`, `photo_id`, `hometown`, `created_at`, `is_active`) VALUES (1,'F','1993-01-06',278,'Hawick','2020-02-19 03:27:59',1),(2,'F','2008-06-24',839,'Corral','2014-10-06 13:31:19',0),(3,'M','2000-04-08',45,'Bard','2020-01-24 18:55:49',1),(4,'N','1973-05-04',58,'Mulchn','2019-11-23 19:04:40',1),(5,'N','1971-12-10',96,'Grande Cache','2013-11-01 17:45:33',1),(6,'M','1986-02-22',41,'Estacin Central','2020-05-09 20:16:04',1),(7,'F','1968-08-23',729,'Baunatal','2015-03-23 20:59:30',1),(8,'N','2000-10-19',796,'Sachs Harbour','2011-04-22 16:10:56',1),(9,'N','2004-01-17',350,'Sinaai-Waas','2014-04-14 21:48:52',0),(10,'F','1993-10-09',243,'Presles','2018-09-15 04:53:14',1),(11,'M','1966-01-09',771,'San Rafael','2013-03-12 18:14:45',1),(12,'F','1982-06-06',791,'Helena','2019-07-05 04:46:41',1),(13,'F','1981-11-30',515,'Wichita','2017-09-16 11:24:44',1),(14,'M','2009-05-01',275,'Balashikha','2012-02-04 06:57:02',0),(15,'M','2005-01-07',956,'Nampa','2019-04-22 00:49:27',0),(16,'M','2018-05-03',751,'Bloomington','2019-03-31 12:10:34',0),(17,'F','1980-02-17',139,'Utrecht','2018-10-15 19:54:36',1),(18,'N','2012-03-04',933,'Tolentino','2019-07-30 11:06:09',0),(19,'M','2010-01-07',608,'North Shore','2011-10-26 19:11:53',0),(20,'N','2003-10-21',973,'Urbe','2018-04-27 14:47:42',0),(21,'N','2008-05-05',283,'Banjarmasin','2013-05-28 20:43:10',0),(22,'N','1977-02-15',879,'La Ligua','2011-01-17 08:32:17',1),(23,'M','1976-04-24',539,'Morkhoven','2018-10-29 10:56:05',1),(24,'M','1960-06-24',513,'Serrata','2014-08-11 02:22:00',1),(25,'N','2009-02-21',949,'Prince George','2011-06-26 09:19:16',0),(26,'N','1985-02-28',935,'Dietzenbach','2016-04-16 09:43:06',1),(27,'M','1993-03-02',601,'Baunatal','2019-05-08 09:50:27',1),(28,'N','1986-06-02',844,'Scena/Schenna','2013-06-17 09:31:24',1),(29,'F','2018-09-21',903,'Bellevue','2013-05-14 08:24:03',0),(30,'M','1960-06-17',745,'Coquitlam','2017-03-24 00:45:14',1),(31,'M','1988-04-24',21,'Cartagena','2013-07-17 18:52:02',1),(32,'M','1994-12-11',470,'Broxburn','2011-07-14 00:49:28',1),(33,'N','2014-10-24',876,'Basingstoke','2018-10-11 00:12:03',0),(34,'M','1988-01-31',721,'Labro','2012-05-18 07:09:48',1),(35,'N','1978-05-11',489,'Lac Ste. Anne','2020-01-06 23:54:42',1),(36,'N','1971-05-30',864,'Baton Rouge','2013-01-23 13:09:24',1),(37,'N','1975-09-14',219,'Hollange','2017-06-04 21:47:34',1),(38,'N','1999-02-23',80,'Orekhovo-Zuyevo','2011-03-27 09:04:52',1),(39,'F','2014-07-29',84,'Penzance','2016-10-25 10:04:58',0),(40,'N','1982-07-25',813,'Mexicali','2016-02-22 15:05:05',1),(41,'M','1960-11-14',944,'Coatbridge','2011-07-11 10:57:00',1),(42,'F','1991-03-09',362,'Wilmington','2015-06-24 23:19:09',1),(43,'M','2007-11-27',878,'Madiun','2020-02-16 09:35:44',0),(44,'N','1981-10-31',756,'Port Moody','2019-02-21 17:08:55',1),(45,'N','1997-01-31',694,'Castletown','2011-02-28 18:31:01',1),(46,'M','2018-12-06',236,'Antalya','2016-01-18 05:59:50',0),(47,'M','1965-01-28',557,'Patiala','2015-05-04 00:00:19',1),(48,'M','1995-10-21',555,'Kolomna','2011-02-11 12:04:33',1),(49,'N','2018-01-11',250,'Donosti','2020-03-16 10:30:35',0),(50,'N','1969-04-18',850,'Bhimber','2019-04-13 09:12:51',1),(51,'F','1989-07-01',549,'Heule','2012-02-11 23:21:57',1),(52,'M','1999-08-09',237,'Pemuco','2015-11-04 08:01:11',1),(53,'F','1981-03-12',472,'Woodstock','2017-02-19 12:53:46',1),(54,'M','1988-04-23',965,'Chimbarongo','2014-09-27 20:23:59',1),(55,'M','2001-05-25',975,'Mont','2016-11-13 15:28:41',1),(56,'M','1976-05-13',70,'Chiusa/Klausen','2019-08-01 22:30:36',1),(57,'F','1992-08-12',446,'Francavilla in Sinni','2016-08-31 16:49:49',1),(58,'F','2009-04-23',387,'Krfez','2019-01-13 16:04:15',0),(59,'N','1965-10-04',456,'Suncheon','2013-02-16 07:06:12',1),(60,'M','2012-11-30',610,'Milmort','2020-05-06 13:04:04',0),(61,'N','1994-08-07',924,'Villata','2011-01-05 15:16:18',1),(62,'F','1996-04-24',800,'La Higuera','2015-11-01 12:36:03',1),(63,'F','2011-12-28',169,'Grosseto','2012-12-09 13:20:07',0),(64,'M','1972-11-18',816,'Malegaon','2019-03-23 12:37:08',1),(65,'N','2017-02-02',370,'Kitscoty','2011-11-19 00:21:07',0),(66,'F','1973-11-23',42,'Trento','2019-08-11 22:12:09',1),(67,'M','1969-01-20',931,'Havr','2017-03-12 15:50:49',1),(68,'M','1992-02-06',835,'Woodlands County','2018-04-12 12:08:53',1),(69,'F','1976-07-03',352,'Ramsey','2014-06-08 09:53:50',1),(70,'N','1963-03-13',816,'Cabo de Hornos','2012-03-22 02:54:42',1),(71,'N','1997-07-13',329,'Chastre-Villeroux-Blanmont','2013-03-31 14:06:37',1),(72,'F','2013-05-17',803,'Fusagasug','2019-05-05 03:13:44',0),(73,'F','1979-05-09',871,'Halisahar','2018-02-19 12:13:16',1),(74,'N','2009-05-03',473,'Orekhovo-Zuyevo','2012-07-17 15:31:13',0),(75,'N','2017-08-06',74,'Aschersleben','2017-10-04 15:41:09',0),(76,'N','2010-08-14',783,'Beverley','2012-04-07 06:22:12',0),(77,'N','1985-01-17',563,'Neelum Valley','2012-05-27 19:32:20',1),(78,'M','1986-09-04',384,'Waterbury','2017-01-30 14:07:18',1),(79,'M','1977-02-02',952,'Goderich','2017-06-07 14:04:22',1),(80,'N','1985-09-23',712,'Bilaspur','2018-06-23 23:05:39',1),(81,'F','2006-12-12',225,'Karachi','2011-03-13 16:10:32',0),(82,'N','2013-04-04',347,'Campochiaro','2015-08-07 17:17:53',0),(83,'N','1986-10-23',459,'Carleton','2018-06-17 08:49:36',1),(84,'N','1974-06-25',618,'Roosbeek','2013-10-02 18:03:44',1),(85,'M','1990-02-14',984,'Montenero Val Cocchiara','2011-12-20 06:19:29',1),(86,'M','2015-10-28',244,'Jodoigne-Souveraine','2016-04-17 11:38:21',0),(87,'F','1967-03-13',324,'Cochrane','2016-11-18 22:54:57',1),(88,'N','2001-06-21',566,'Saint-Remy','2014-04-13 18:18:22',1),(89,'M','1981-05-08',253,'Carovilli','2013-11-17 11:47:38',1),(90,'M','1974-09-09',653,'Casalbuono','2011-02-22 01:25:26',1),(91,'N','1984-05-02',720,'Valmacca','2017-05-01 08:02:26',1),(92,'N','1968-12-13',637,'Lecce','2019-06-12 01:00:05',1),(93,'M','1988-08-31',349,'Frjus','2018-10-17 06:31:43',1),(94,'F','1970-07-13',461,'Kendal','2013-03-06 18:58:13',1),(95,'M','1968-12-15',404,'Springdale','2013-05-12 01:57:00',1),(96,'N','1994-06-08',764,'Gespeg','2014-06-20 21:36:47',1),(97,'N','2012-03-15',609,'Pacoa','2011-02-23 16:06:28',0),(98,'N','1986-03-26',963,'Rosires','2015-04-30 00:40:39',1),(99,'M','1991-05-30',397,'Melton Mowbray','2014-05-11 05:11:59',1),(100,'F','1968-05-30',973,'Nanaimo','2013-01-20 11:14:39',1);
/*!40000 ALTER TABLE `profiles` ENABLE KEYS */;
UNLOCK TABLES;

--
-- Table structure for table `users`
--

DROP TABLE IF EXISTS `users`;
/*!40101 SET @saved_cs_client     = @@character_set_client */;
/*!40101 SET character_set_client = utf8 */;
CREATE TABLE `users` (
  `id` bigint(20) unsigned NOT NULL AUTO_INCREMENT,
  `firstname` varchar(32) COLLATE utf8_bin NOT NULL COMMENT 'User''s first name',
  `lastname` varchar(64) COLLATE utf8_bin NOT NULL COMMENT 'User''s last name',
  `email` varchar(64) COLLATE utf8_bin NOT NULL COMMENT 'User''s email',
  `password_hash` varchar(128) COLLATE utf8_bin DEFAULT NULL,
  `phone` bigint(20) unsigned DEFAULT NULL,
  PRIMARY KEY (`id`),
  UNIQUE KEY `id` (`id`),
  UNIQUE KEY `email` (`email`),
  UNIQUE KEY `phone` (`phone`),
  KEY `users_lname_fname_idx` (`lastname`,`firstname`)
) ENGINE=InnoDB AUTO_INCREMENT=101 DEFAULT CHARSET=utf8 COLLATE=utf8_bin;
/*!40101 SET character_set_client = @saved_cs_client */;

--
-- Dumping data for table `users`
--

LOCK TABLES `users` WRITE;
/*!40000 ALTER TABLE `users` DISABLE KEYS */;
INSERT INTO `users` (`id`, `firstname`, `lastname`, `email`, `password_hash`, `phone`) VALUES (1,'Matthew','Suarez','at.velit.Cras@elitdictum.net','BOZ67JGQ6VH',9785290421),(2,'Hamilton','Arnold','ornare@metus.edu','PQU66RRU1KN',9853197477),(3,'Ezra','Conner','ante.dictum.cursus@etmalesuada.net','MJG25YZJ7VA',9845335391),(4,'Joseph','Gilbert','Quisque.ornare.tortor@aliquet.edu','KOH47MTI0CC',9517289166),(5,'Flavia','Randolph','semper.tellus@turpisNullaaliquet.edu','PED86UGB4DA',9512319075),(6,'Erasmus','Benjamin','amet.lorem.semper@tellusjusto.co.uk','TMA70MGZ6DS',9695479944),(7,'Guy','Haney','convallis.in@semper.ca','EFV90HRQ7PX',9603645072),(8,'Reese','Berg','Aliquam.erat@Proin.org','APU50COK2MM',9534861078),(9,'Channing','Pickett','sagittis.placerat@mollis.org','MLJ56IBX6BO',9737973450),(10,'Ora','Kinney','vitae.odio.sagittis@non.edu','VHQ83ZLD4WP',9391617498),(11,'Riley','Saunders','mauris.Integer.sem@Proin.net','JRO93BOS6SC',9267408869),(12,'Reece','Bird','odio@erat.org','VTH79GSN4VZ',9457879835),(13,'TaShya','Joseph','facilisis.facilisis@consectetuercursus.com','JXD40XIG1OM',9246355288),(14,'Cally','Beard','justo.sit@lorem.co.uk','WVB02RHQ5HF',9224461699),(15,'Whoopi','Sullivan','libero.Donec@Aliquam.net','YYN76CVE7WG',9319410048),(16,'Brynn','Warren','commodo.tincidunt@sed.org','OWM81BIA0RF',9495596472),(17,'Lance','Bird','ornare.tortor@sit.ca','PGQ53PCR4YY',9913319871),(18,'Sybil','Hines','mauris.Suspendisse.aliquet@Mauris.ca','AMN71KKO5YY',9346983019),(19,'Sigourney','Rush','faucibus.id@nequeMorbi.org','CGC63HGK7XH',9449134006),(20,'Amity','Acosta','ultricies@lorem.net','AHZ33MXY3SA',9679267679),(21,'Hu','Wong','Donec.tempus.lorem@molestieorci.com','RMG12ZSD2TY',9028146966),(22,'Cody','Oneal','ante.dictum@fringillapurusmauris.org','PQA89ZEK3GY',9021013450),(23,'Aspen','Beck','dis.parturient@Aeneangravida.org','NBL67EDR9AC',9753552793),(24,'Maite','Sweet','suscipit.nonummy.Fusce@faucibus.co.uk','AOZ76WUC4UU',9514941666),(25,'Alden','Haynes','lacinia.at.iaculis@nisisemsemper.net','HDQ60ZFS5DT',9201562128),(26,'Matthew','Randall','massa.rutrum@Crasvehiculaaliquet.edu','ORX40QBG4SR',9332408287),(27,'Jorden','English','eget@atauctorullamcorper.ca','OQD86GTD3RT',9691793367),(28,'Simon','Wise','pretium.aliquet@nisl.net','IIF50KFL6ZW',9683500865),(29,'Lane','Meyers','feugiat@mollisdui.net','DKY54MHV9IJ',9546403309),(30,'Lev','Weaver','sed.dolor@Nullam.edu','EKF47XFA6TP',9259285501),(31,'Lucian','Ashley','libero.est.congue@velarcu.ca','YRX43QMH0BF',9229715166),(32,'Mara','Barrett','amet.consectetuer.adipiscing@orci.org','JZF18VNT9RY',9693074165),(33,'Francis','Ingram','aliquam.enim@fermentumfermentumarcu.net','UZV09CCM2XB',9186979086),(34,'Colt','Moran','Pellentesque.ut.ipsum@netusetmalesuada.edu','OPU14KGT9EY',9563527683),(35,'Brynn','Dillon','egestas@adipiscing.org','JHP96TVD4ZF',9876655467),(36,'Vance','Parker','auctor.velit@ipsumdolorsit.com','NRF23VEM6WM',9842858975),(37,'Armand','Gillespie','ipsum.ac@nibhdolor.edu','NTL86OSR4HR',9054525491),(38,'Roary','Lawson','dui.Cras@Utnecurna.ca','DKV38RXP8ND',9822067227),(39,'Adena','Griffith','ante.ipsum.primis@malesuadafringillaest.co.uk','LDN66AAR0RX',9876432237),(40,'Leonard','Cooper','ipsum@tellus.com','SUK20QDA8RI',9627567130),(41,'Joy','Brewer','metus.vitae@auctorullamcorpernisl.com','GIQ79EDU0JA',9843380646),(42,'Burke','Stephenson','egestas.Aliquam@magnaSuspendissetristique.net','BMQ13YAX9LV',9988735537),(43,'Dana','Bishop','porta.elit@atrisusNunc.edu','QRK06VOR0ES',9382619153),(44,'Stone','Weaver','metus.In.nec@ut.org','HRN75ZVI5TC',9412833700),(45,'Zena','Cole','Etiam@magnaa.org','JRF45BPK3FE',9182652606),(46,'Zephr','Simon','enim.gravida@hendreritnequeIn.edu','CLA74AYO8IL',9781980526),(47,'Shad','Gill','eu.neque.pellentesque@euismodindolor.net','QLV98XJX5YF',9976910642),(48,'Curran','Watson','Quisque@tristiquealiquetPhasellus.ca','DQO99WQJ5IC',9177727783),(49,'Brenda','Downs','nunc@suscipit.com','PUF02UYP2CF',9494058221),(50,'Colby','Mayo','viverra@etrisusQuisque.com','SHZ73BQB4MH',9087461594),(51,'Steven','Ross','nec@convallis.org','QKC31GAD0GK',9072703148),(52,'Lamar','Morin','Cras@massarutrum.ca','EXP19QKR2DF',9206471520),(53,'Nehru','Perry','eleifend.nunc@pretium.ca','UJS36WQN2AR',9435681273),(54,'Philip','Gray','Phasellus.libero@tempor.com','FHT67DHK7WD',9477168756),(55,'Claudia','Gutierrez','sit.amet.luctus@faucibusutnulla.co.uk','YMZ60CXQ0TR',9584829233),(56,'Ivor','Suarez','a.ultricies@Aenean.ca','OGU37BMK1PU',9457783416),(57,'Knox','Acevedo','sem.molestie@arcueuodio.org','GOC67ORS5NE',9513476947),(58,'Hayes','Carpenter','sed.tortor@lorem.org','PED71VHD0GJ',9258759534),(59,'Hyatt','Aguirre','bibendum.Donec.felis@Fusce.ca','IUV25GMY4VA',9044798374),(60,'Florence','Vinson','dolor.tempus@Suspendissealiquet.co.uk','CSU90KRB8YD',9738791889),(61,'Sharon','Ray','commodo.at.libero@nasceturridiculus.edu','DLW73MRW4BC',9727742891),(62,'Gail','Kennedy','egestas@at.co.uk','FDP70IAD1OP',9739332162),(63,'Tanner','Dunn','dictum.mi.ac@velest.net','KYA64YCE5KZ',9476808644),(64,'Meredith','Sargent','Sed.dictum@lorem.net','SZY51FHR3KH',9811756469),(65,'Signe','Whitfield','ultricies@placeratorcilacus.net','QIW14CJS8KI',9316406995),(66,'Urielle','Craft','ut.eros@arcuSedeu.com','PMZ38UEZ4BC',9296322073),(67,'Gregory','Anderson','auctor@Morbinonsapien.ca','JWW79YAA8FC',9718832333),(68,'Aurelia','Moon','Proin.sed.turpis@euismodestarcu.edu','THB26PAJ3IT',9785714250),(69,'Laith','Byers','erat.vel.pede@dolor.edu','HDO10TEW8GE',9542813150),(70,'Lewis','Schroeder','Curabitur.sed@semut.co.uk','OHL76GSJ3MO',9537865873),(71,'Malik','Newman','lorem.auctor.quis@lobortismaurisSuspendisse.co.uk','VNY81NEK0UR',9212636436),(72,'Steel','Byrd','eleifend.Cras.sed@ametultriciessem.com','AXL22QPR3UA',9159842649),(73,'Alfonso','Guthrie','congue.turpis.In@tellusid.co.uk','CCC98ZWL3EK',9448878266),(74,'Haley','Ryan','mollis.Phasellus.libero@justofaucibuslectus.edu','LVB45CAL2XV',9522232957),(75,'Quintessa','Grant','felis.Nulla@utnisi.ca','XZM83HPU7LU',9988712591),(76,'Raja','Oneal','nec@Phasellusdolor.net','MDY19MFA2OF',9818630780),(77,'Kaye','Hunt','Fusce.aliquam.enim@aliquetmagnaa.ca','IBE11IUR0LK',9713597157),(78,'Malik','Davis','penatibus.et@lectus.co.uk','LRP00BVH3JU',9296956698),(79,'Lucas','Campbell','nec@tempusrisusDonec.org','TDL59TBC4XY',9142258998),(80,'Robert','Acosta','arcu.Aliquam@lorem.co.uk','ZWX82MAA7PG',9848020953),(81,'Emily','Morse','tellus@orciluctus.ca','ZMX18UPE7HL',9921949917),(82,'Brady','Alston','lectus@elitdictum.net','CTN29VWE1ZD',9565946379),(83,'Honorato','Mcintyre','ut@tincidunt.edu','KCG28MUY4WA',9421144034),(84,'Hyatt','Cunningham','sociis@dignissimmagna.com','TYP33YSI0IS',9967332911),(85,'Nasim','Johnston','sapien@montesnasceturridiculus.edu','UMO00XSX3LO',9445201318),(86,'Blair','Woodward','at@mauris.edu','JXB58KPO4YH',9039073352),(87,'Hasad','Vinson','tortor.at@nulla.ca','QTQ93STD0XJ',9614356553),(88,'Ariana','Patel','Sed@interdumligula.co.uk','UAO12JRL1BT',9212340439),(89,'Uma','Brock','porttitor@hendrerit.edu','TTI01SJT2JU',9341208048),(90,'Armand','Cohen','eget.ipsum.Donec@rutrumFuscedolor.co.uk','UAX96JYY2WL',9005644340),(91,'Zeph','Ware','adipiscing.elit@Pellentesque.net','YJU01NLC5SJ',9961211109),(92,'Shelley','Stevenson','consectetuer.cursus.et@afacilisis.com','WPK11YUX9NL',9836977386),(93,'Oliver','Gardner','enim.Suspendisse.aliquet@Suspendissealiquet.org','EBO89YUI3SW',9979754755),(94,'Rosalyn','Curry','et.libero.Proin@tincidunt.org','ATL98ZYA4TD',9772882938),(95,'Lacy','Webster','orci.Phasellus@ridiculusmusProin.org','JWM64IJA9QD',9439568996),(96,'Cain','Love','nec.urna.et@miloremvehicula.ca','EPX46WAM7MI',9266458163),(97,'Gail','Hayes','malesuada.augue.ut@quismassaMauris.org','FDH00LAP0MB',9916049479),(98,'Chadwick','Brennan','ac.arcu.Nunc@tellus.co.uk','RWK55DCU7MU',9296442364),(99,'Macy','Meadows','enim.Etiam@duiSuspendisse.ca','KQH20TLA0FJ',9421467976),(100,'Len','Mathews','Quisque.ornare@egetmollislectus.co.uk','XAV83ATK0ZU',9901988156);
/*!40000 ALTER TABLE `users` ENABLE KEYS */;
UNLOCK TABLES;

--
-- Table structure for table `users_communities`
--

DROP TABLE IF EXISTS `users_communities`;
/*!40101 SET @saved_cs_client     = @@character_set_client */;
/*!40101 SET character_set_client = utf8 */;
CREATE TABLE `users_communities` (
  `user_id` bigint(20) unsigned NOT NULL,
  `community_id` bigint(20) unsigned NOT NULL,
  PRIMARY KEY (`user_id`,`community_id`),
  KEY `community_id` (`community_id`),
  CONSTRAINT `users_communities_ibfk_1` FOREIGN KEY (`user_id`) REFERENCES `users` (`id`) ON DELETE NO ACTION ON UPDATE NO ACTION,
  CONSTRAINT `users_communities_ibfk_2` FOREIGN KEY (`community_id`) REFERENCES `communities` (`id`) ON DELETE NO ACTION ON UPDATE NO ACTION
) ENGINE=InnoDB DEFAULT CHARSET=utf8 COLLATE=utf8_bin;
/*!40101 SET character_set_client = @saved_cs_client */;

--
-- Dumping data for table `users_communities`
--

LOCK TABLES `users_communities` WRITE;
/*!40000 ALTER TABLE `users_communities` DISABLE KEYS */;
INSERT INTO `users_communities` (`user_id`, `community_id`) VALUES (18,1),(21,1),(35,1),(40,1),(59,1),(63,1),(69,1),(92,1),(27,2),(83,2),(26,3),(63,3),(17,4),(50,4),(54,4),(100,4),(15,5),(38,5),(48,5),(96,5),(15,6),(89,6),(2,7),(54,7),(70,7),(34,8),(39,8),(9,9),(12,9),(29,9),(61,9),(63,9),(71,9),(32,10),(39,10),(50,10),(76,10),(88,10),(90,10),(40,12),(53,12),(16,13),(48,14),(53,14),(84,14),(7,15),(92,16),(30,17),(37,17),(46,18),(85,18),(33,19),(67,19),(88,19),(15,20),(62,20),(99,20),(4,21),(6,21),(19,21),(23,21),(89,21),(23,22),(32,22),(34,22),(82,22),(53,23),(63,23),(99,23),(14,24),(19,24),(40,24),(61,24),(18,25),(28,25),(44,25),(46,25),(97,25),(38,26),(41,26),(53,26),(67,26),(70,26),(12,27),(29,27),(95,27),(21,28),(51,28),(8,29),(47,29),(50,29),(54,29),(78,29),(12,30),(21,30),(23,30),(69,30),(81,30);
/*!40000 ALTER TABLE `users_communities` ENABLE KEYS */;
UNLOCK TABLES;
/*!40103 SET TIME_ZONE=@OLD_TIME_ZONE */;

/*!40101 SET SQL_MODE=@OLD_SQL_MODE */;
/*!40014 SET FOREIGN_KEY_CHECKS=@OLD_FOREIGN_KEY_CHECKS */;
/*!40014 SET UNIQUE_CHECKS=@OLD_UNIQUE_CHECKS */;
/*!40101 SET CHARACTER_SET_CLIENT=@OLD_CHARACTER_SET_CLIENT */;
/*!40101 SET CHARACTER_SET_RESULTS=@OLD_CHARACTER_SET_RESULTS */;
/*!40101 SET COLLATION_CONNECTION=@OLD_COLLATION_CONNECTION */;
/*!40111 SET SQL_NOTES=@OLD_SQL_NOTES */;

-- Dump completed on 2020-05-25 21:51:39
