USE `vk`;
# Задание i (до 90 строки): 
-- Заполнить все таблицы БД vk данными (по 10-100 записей в каждой таблице) 

# Users
INSERT INTO `users` (`firstname`,`lastname`,`email`,`password_hash`,`phone`) VALUES ("Matthew","Suarez","at.velit.Cras@elitdictum.net","BOZ67JGQ6VH","9785290421"),("Hamilton","Arnold","ornare@metus.edu","PQU66RRU1KN","9853197477"),("Ezra","Conner","ante.dictum.cursus@etmalesuada.net","MJG25YZJ7VA","9845335391"),("Joseph","Gilbert","Quisque.ornare.tortor@aliquet.edu","KOH47MTI0CC","9517289166"),("Flavia","Randolph","semper.tellus@turpisNullaaliquet.edu","PED86UGB4DA","9512319075"),("Erasmus","Benjamin","amet.lorem.semper@tellusjusto.co.uk","TMA70MGZ6DS","9695479944"),("Guy","Haney","convallis.in@semper.ca","EFV90HRQ7PX","9603645072"),("Reese","Berg","Aliquam.erat@Proin.org","APU50COK2MM","9534861078"),("Channing","Pickett","sagittis.placerat@mollis.org","MLJ56IBX6BO","9737973450"),("Ora","Kinney","vitae.odio.sagittis@non.edu","VHQ83ZLD4WP","9391617498");
INSERT INTO `users` (`firstname`,`lastname`,`email`,`password_hash`,`phone`) VALUES ("Riley","Saunders","mauris.Integer.sem@Proin.net","JRO93BOS6SC","9267408869"),("Reece","Bird","odio@erat.org","VTH79GSN4VZ","9457879835"),("TaShya","Joseph","facilisis.facilisis@consectetuercursus.com","JXD40XIG1OM","9246355288"),("Cally","Beard","justo.sit@lorem.co.uk","WVB02RHQ5HF","9224461699"),("Whoopi","Sullivan","libero.Donec@Aliquam.net","YYN76CVE7WG","9319410048"),("Brynn","Warren","commodo.tincidunt@sed.org","OWM81BIA0RF","9495596472"),("Lance","Bird","ornare.tortor@sit.ca","PGQ53PCR4YY","9913319871"),("Sybil","Hines","mauris.Suspendisse.aliquet@Mauris.ca","AMN71KKO5YY","9346983019"),("Sigourney","Rush","faucibus.id@nequeMorbi.org","CGC63HGK7XH","9449134006"),("Amity","Acosta","ultricies@lorem.net","AHZ33MXY3SA","9679267679");
INSERT INTO `users` (`firstname`,`lastname`,`email`,`password_hash`,`phone`) VALUES ("Hu","Wong","Donec.tempus.lorem@molestieorci.com","RMG12ZSD2TY","9028146966"),("Cody","Oneal","ante.dictum@fringillapurusmauris.org","PQA89ZEK3GY","9021013450"),("Aspen","Beck","dis.parturient@Aeneangravida.org","NBL67EDR9AC","9753552793"),("Maite","Sweet","suscipit.nonummy.Fusce@faucibus.co.uk","AOZ76WUC4UU","9514941666"),("Alden","Haynes","lacinia.at.iaculis@nisisemsemper.net","HDQ60ZFS5DT","9201562128"),("Matthew","Randall","massa.rutrum@Crasvehiculaaliquet.edu","ORX40QBG4SR","9332408287"),("Jorden","English","eget@atauctorullamcorper.ca","OQD86GTD3RT","9691793367"),("Simon","Wise","pretium.aliquet@nisl.net","IIF50KFL6ZW","9683500865"),("Lane","Meyers","feugiat@mollisdui.net","DKY54MHV9IJ","9546403309"),("Lev","Weaver","sed.dolor@Nullam.edu","EKF47XFA6TP","9259285501");
INSERT INTO `users` (`firstname`,`lastname`,`email`,`password_hash`,`phone`) VALUES ("Lucian","Ashley","libero.est.congue@velarcu.ca","YRX43QMH0BF","9229715166"),("Mara","Barrett","amet.consectetuer.adipiscing@orci.org","JZF18VNT9RY","9693074165"),("Francis","Ingram","aliquam.enim@fermentumfermentumarcu.net","UZV09CCM2XB","9186979086"),("Colt","Moran","Pellentesque.ut.ipsum@netusetmalesuada.edu","OPU14KGT9EY","9563527683"),("Brynn","Dillon","egestas@adipiscing.org","JHP96TVD4ZF","9876655467"),("Vance","Parker","auctor.velit@ipsumdolorsit.com","NRF23VEM6WM","9842858975"),("Armand","Gillespie","ipsum.ac@nibhdolor.edu","NTL86OSR4HR","9054525491"),("Roary","Lawson","dui.Cras@Utnecurna.ca","DKV38RXP8ND","9822067227"),("Adena","Griffith","ante.ipsum.primis@malesuadafringillaest.co.uk","LDN66AAR0RX","9876432237"),("Leonard","Cooper","ipsum@tellus.com","SUK20QDA8RI","9627567130");
INSERT INTO `users` (`firstname`,`lastname`,`email`,`password_hash`,`phone`) VALUES ("Joy","Brewer","metus.vitae@auctorullamcorpernisl.com","GIQ79EDU0JA","9843380646"),("Burke","Stephenson","egestas.Aliquam@magnaSuspendissetristique.net","BMQ13YAX9LV","9988735537"),("Dana","Bishop","porta.elit@atrisusNunc.edu","QRK06VOR0ES","9382619153"),("Stone","Weaver","metus.In.nec@ut.org","HRN75ZVI5TC","9412833700"),("Zena","Cole","Etiam@magnaa.org","JRF45BPK3FE","9182652606"),("Zephr","Simon","enim.gravida@hendreritnequeIn.edu","CLA74AYO8IL","9781980526"),("Shad","Gill","eu.neque.pellentesque@euismodindolor.net","QLV98XJX5YF","9976910642"),("Curran","Watson","Quisque@tristiquealiquetPhasellus.ca","DQO99WQJ5IC","9177727783"),("Brenda","Downs","nunc@suscipit.com","PUF02UYP2CF","9494058221"),("Colby","Mayo","viverra@etrisusQuisque.com","SHZ73BQB4MH","9087461594");
INSERT INTO `users` (`firstname`,`lastname`,`email`,`password_hash`,`phone`) VALUES ("Steven","Ross","nec@convallis.org","QKC31GAD0GK","9072703148"),("Lamar","Morin","Cras@massarutrum.ca","EXP19QKR2DF","9206471520"),("Nehru","Perry","eleifend.nunc@pretium.ca","UJS36WQN2AR","9435681273"),("Philip","Gray","Phasellus.libero@tempor.com","FHT67DHK7WD","9477168756"),("Claudia","Gutierrez","sit.amet.luctus@faucibusutnulla.co.uk","YMZ60CXQ0TR","9584829233"),("Ivor","Suarez","a.ultricies@Aenean.ca","OGU37BMK1PU","9457783416"),("Knox","Acevedo","sem.molestie@arcueuodio.org","GOC67ORS5NE","9513476947"),("Hayes","Carpenter","sed.tortor@lorem.org","PED71VHD0GJ","9258759534"),("Hyatt","Aguirre","bibendum.Donec.felis@Fusce.ca","IUV25GMY4VA","9044798374"),("Florence","Vinson","dolor.tempus@Suspendissealiquet.co.uk","CSU90KRB8YD","9738791889");
INSERT INTO `users` (`firstname`,`lastname`,`email`,`password_hash`,`phone`) VALUES ("Sharon","Ray","commodo.at.libero@nasceturridiculus.edu","DLW73MRW4BC","9727742891"),("Gail","Kennedy","egestas@at.co.uk","FDP70IAD1OP","9739332162"),("Tanner","Dunn","dictum.mi.ac@velest.net","KYA64YCE5KZ","9476808644"),("Meredith","Sargent","Sed.dictum@lorem.net","SZY51FHR3KH","9811756469"),("Signe","Whitfield","ultricies@placeratorcilacus.net","QIW14CJS8KI","9316406995"),("Urielle","Craft","ut.eros@arcuSedeu.com","PMZ38UEZ4BC","9296322073"),("Gregory","Anderson","auctor@Morbinonsapien.ca","JWW79YAA8FC","9718832333"),("Aurelia","Moon","Proin.sed.turpis@euismodestarcu.edu","THB26PAJ3IT","9785714250"),("Laith","Byers","erat.vel.pede@dolor.edu","HDO10TEW8GE","9542813150"),("Lewis","Schroeder","Curabitur.sed@semut.co.uk","OHL76GSJ3MO","9537865873");
INSERT INTO `users` (`firstname`,`lastname`,`email`,`password_hash`,`phone`) VALUES ("Malik","Newman","lorem.auctor.quis@lobortismaurisSuspendisse.co.uk","VNY81NEK0UR","9212636436"),("Steel","Byrd","eleifend.Cras.sed@ametultriciessem.com","AXL22QPR3UA","9159842649"),("Alfonso","Guthrie","congue.turpis.In@tellusid.co.uk","CCC98ZWL3EK","9448878266"),("Haley","Ryan","mollis.Phasellus.libero@justofaucibuslectus.edu","LVB45CAL2XV","9522232957"),("Quintessa","Grant","felis.Nulla@utnisi.ca","XZM83HPU7LU","9988712591"),("Raja","Oneal","nec@Phasellusdolor.net","MDY19MFA2OF","9818630780"),("Kaye","Hunt","Fusce.aliquam.enim@aliquetmagnaa.ca","IBE11IUR0LK","9713597157"),("Malik","Davis","penatibus.et@lectus.co.uk","LRP00BVH3JU","9296956698"),("Lucas","Campbell","nec@tempusrisusDonec.org","TDL59TBC4XY","9142258998"),("Robert","Acosta","arcu.Aliquam@lorem.co.uk","ZWX82MAA7PG","9848020953");
INSERT INTO `users` (`firstname`,`lastname`,`email`,`password_hash`,`phone`) VALUES ("Emily","Morse","tellus@orciluctus.ca","ZMX18UPE7HL","9921949917"),("Brady","Alston","lectus@elitdictum.net","CTN29VWE1ZD","9565946379"),("Honorato","Mcintyre","ut@tincidunt.edu","KCG28MUY4WA","9421144034"),("Hyatt","Cunningham","sociis@dignissimmagna.com","TYP33YSI0IS","9967332911"),("Nasim","Johnston","sapien@montesnasceturridiculus.edu","UMO00XSX3LO","9445201318"),("Blair","Woodward","at@mauris.edu","JXB58KPO4YH","9039073352"),("Hasad","Vinson","tortor.at@nulla.ca","QTQ93STD0XJ","9614356553"),("Ariana","Patel","Sed@interdumligula.co.uk","UAO12JRL1BT","9212340439"),("Uma","Brock","porttitor@hendrerit.edu","TTI01SJT2JU","9341208048"),("Armand","Cohen","eget.ipsum.Donec@rutrumFuscedolor.co.uk","UAX96JYY2WL","9005644340");
INSERT INTO `users` (`firstname`,`lastname`,`email`,`password_hash`,`phone`) VALUES ("Zeph","Ware","adipiscing.elit@Pellentesque.net","YJU01NLC5SJ","9961211109"),("Shelley","Stevenson","consectetuer.cursus.et@afacilisis.com","WPK11YUX9NL","9836977386"),("Oliver","Gardner","enim.Suspendisse.aliquet@Suspendissealiquet.org","EBO89YUI3SW","9979754755"),("Rosalyn","Curry","et.libero.Proin@tincidunt.org","ATL98ZYA4TD","9772882938"),("Lacy","Webster","orci.Phasellus@ridiculusmusProin.org","JWM64IJA9QD","9439568996"),("Cain","Love","nec.urna.et@miloremvehicula.ca","EPX46WAM7MI","9266458163"),("Gail","Hayes","malesuada.augue.ut@quismassaMauris.org","FDH00LAP0MB","9916049479"),("Chadwick","Brennan","ac.arcu.Nunc@tellus.co.uk","RWK55DCU7MU","9296442364"),("Macy","Meadows","enim.Etiam@duiSuspendisse.ca","KQH20TLA0FJ","9421467976"),("Len","Mathews","Quisque.ornare@egetmollislectus.co.uk","XAV83ATK0ZU","9901988156");

# Communities
INSERT IGNORE INTO `communities` (`community_name`,`admin_user_id`) VALUES 
("Lacus",10),("Fringilla",90),("Lacinia",41),("Aliquam",35),("Gravida",81),("Eu lacus",22),("Eget",83),("Sem",52),("Libero",2),("Tempor",70),
("Litorania",14),("Gravidas",93),("VitaeParum",50),("Erattium",30),("Dictum",88),("Auctor",47),("Mi",75),("Faucibuscus",53),("AcDc",95),("Leo",35),
("UterPendr",19),("Idioma,",67),("Adipiscing",22),("Senectus Prolic",80),("IntoIt,",40),("Fermentum",73),("LoremIpsum",11),("Tristique",63),("Nec",27),("Sapien",89);

# Profiles
INSERT IGNORE INTO `profiles` (`user_id`,`gender`,`birthday`,`photo_id`,`hometown`,`created_at`) VALUES (1,"F","1993-01-06",278,"Hawick","2020-02-19 03:27:59"),(2,"F","2008-06-24",839,"Corral","2014-10-06 13:31:19"),(3,"M","2000-04-08",45,"Bard","2020-01-24 18:55:49"),(4,"N","1973-05-04",58,"Mulchén","2019-11-23 19:04:40"),(5,"N","1971-12-10",96,"Grande Cache","2013-11-01 17:45:33"),(6,"M","1986-02-22",41,"Estación Central","2020-05-09 20:16:04"),(7,"F","1968-08-23",729,"Baunatal","2015-03-23 20:59:30"),(8,"N","2000-10-19",796,"Sachs Harbour","2011-04-22 16:10:56"),(9,"N","2004-01-17",350,"Sinaai-Waas","2014-04-14 21:48:52"),(10,"F","1993-10-09",243,"Presles","2018-09-15 04:53:14");
INSERT IGNORE INTO `profiles` (`user_id`,`gender`,`birthday`,`photo_id`,`hometown`,`created_at`) VALUES (11,"M","1966-01-09",771,"San Rafael","2013-03-12 18:14:45"),(12,"F","1982-06-06",791,"Helena","2019-07-05 04:46:41"),(13,"F","1981-11-30",515,"Wichita","2017-09-16 11:24:44"),(14,"M","2009-05-01",275,"Balashikha","2012-02-04 06:57:02"),(15,"M","2005-01-07",956,"Nampa","2019-04-22 00:49:27"),(16,"M","2018-05-03",751,"Bloomington","2019-03-31 12:10:34"),(17,"F","1980-02-17",139,"Utrecht","2018-10-15 19:54:36"),(18,"N","2012-03-04",933,"Tolentino","2019-07-30 11:06:09"),(19,"M","2010-01-07",608,"North Shore","2011-10-26 19:11:53"),(20,"N","2003-10-21",973,"Urbe","2018-04-27 14:47:42");
INSERT IGNORE INTO `profiles` (`user_id`,`gender`,`birthday`,`photo_id`,`hometown`,`created_at`) VALUES (21,"N","2008-05-05",283,"Banjarmasin","2013-05-28 20:43:10"),(22,"N","1977-02-15",879,"La Ligua","2011-01-17 08:32:17"),(23,"M","1976-04-24",539,"Morkhoven","2018-10-29 10:56:05"),(24,"M","1960-06-24",513,"Serrata","2014-08-11 02:22:00"),(25,"N","2009-02-21",949,"Prince George","2011-06-26 09:19:16"),(26,"N","1985-02-28",935,"Dietzenbach","2016-04-16 09:43:06"),(27,"M","1993-03-02",601,"Baunatal","2019-05-08 09:50:27"),(28,"N","1986-06-02",844,"Scena/Schenna","2013-06-17 09:31:24"),(29,"F","2018-09-21",903,"Bellevue","2013-05-14 08:24:03"),(30,"M","1960-06-17",745,"Coquitlam","2017-03-24 00:45:14");
INSERT IGNORE INTO `profiles` (`user_id`,`gender`,`birthday`,`photo_id`,`hometown`,`created_at`) VALUES (31,"M","1988-04-24",21,"Cartagena","2013-07-17 18:52:02"),(32,"M","1994-12-11",470,"Broxburn","2011-07-14 00:49:28"),(33,"N","2014-10-24",876,"Basingstoke","2018-10-11 00:12:03"),(34,"M","1988-01-31",721,"Labro","2012-05-18 07:09:48"),(35,"N","1978-05-11",489,"Lac Ste. Anne","2020-01-06 23:54:42"),(36,"N","1971-05-30",864,"Baton Rouge","2013-01-23 13:09:24"),(37,"N","1975-09-14",219,"Hollange","2017-06-04 21:47:34"),(38,"N","1999-02-23",80,"Orekhovo-Zuyevo","2011-03-27 09:04:52"),(39,"F","2014-07-29",84,"Penzance","2016-10-25 10:04:58"),(40,"N","1982-07-25",813,"Mexicali","2016-02-22 15:05:05");
INSERT IGNORE INTO `profiles` (`user_id`,`gender`,`birthday`,`photo_id`,`hometown`,`created_at`) VALUES (41,"M","1960-11-14",944,"Coatbridge","2011-07-11 10:57:00"),(42,"F","1991-03-09",362,"Wilmington","2015-06-24 23:19:09"),(43,"M","2007-11-27",878,"Madiun","2020-02-16 09:35:44"),(44,"N","1981-10-31",756,"Port Moody","2019-02-21 17:08:55"),(45,"N","1997-01-31",694,"Castletown","2011-02-28 18:31:01"),(46,"M","2018-12-06",236,"Antalya","2016-01-18 05:59:50"),(47,"M","1965-01-28",557,"Patiala","2015-05-04 00:00:19"),(48,"M","1995-10-21",555,"Kolomna","2011-02-11 12:04:33"),(49,"N","2018-01-11",250,"Donosti","2020-03-16 10:30:35"),(50,"N","1969-04-18",850,"Bhimber","2019-04-13 09:12:51");
INSERT IGNORE INTO `profiles` (`user_id`,`gender`,`birthday`,`photo_id`,`hometown`,`created_at`) VALUES (51,"F","1989-07-01",549,"Heule","2012-02-11 23:21:57"),(52,"M","1999-08-09",237,"Pemuco","2015-11-04 08:01:11"),(53,"F","1981-03-12",472,"Woodstock","2017-02-19 12:53:46"),(54,"M","1988-04-23",965,"Chimbarongo","2014-09-27 20:23:59"),(55,"M","2001-05-25",975,"Mont","2016-11-13 15:28:41"),(56,"M","1976-05-13",70,"Chiusa/Klausen","2019-08-01 22:30:36"),(57,"F","1992-08-12",446,"Francavilla in Sinni","2016-08-31 16:49:49"),(58,"F","2009-04-23",387,"Körfez","2019-01-13 16:04:15"),(59,"N","1965-10-04",456,"Suncheon","2013-02-16 07:06:12"),(60,"M","2012-11-30",610,"Milmort","2020-05-06 13:04:04");
INSERT IGNORE INTO `profiles` (`user_id`,`gender`,`birthday`,`photo_id`,`hometown`,`created_at`) VALUES (61,"N","1994-08-07",924,"Villata","2011-01-05 15:16:18"),(62,"F","1996-04-24",800,"La Higuera","2015-11-01 12:36:03"),(63,"F","2011-12-28",169,"Grosseto","2012-12-09 13:20:07"),(64,"M","1972-11-18",816,"Malegaon","2019-03-23 12:37:08"),(65,"N","2017-02-02",370,"Kitscoty","2011-11-19 00:21:07"),(66,"F","1973-11-23",42,"Trento","2019-08-11 22:12:09"),(67,"M","1969-01-20",931,"HavrŽ","2017-03-12 15:50:49"),(68,"M","1992-02-06",835,"Woodlands County","2018-04-12 12:08:53"),(69,"F","1976-07-03",352,"Ramsey","2014-06-08 09:53:50"),(70,"N","1963-03-13",816,"Cabo de Hornos","2012-03-22 02:54:42");
INSERT IGNORE INTO `profiles` (`user_id`,`gender`,`birthday`,`photo_id`,`hometown`,`created_at`) VALUES (71,"N","1997-07-13",329,"Chastre-Villeroux-Blanmont","2013-03-31 14:06:37"),(72,"F","2013-05-17",803,"Fusagasugá","2019-05-05 03:13:44"),(73,"F","1979-05-09",871,"Halisahar","2018-02-19 12:13:16"),(74,"N","2009-05-03",473,"Orekhovo-Zuyevo","2012-07-17 15:31:13"),(75,"N","2017-08-06",74,"Aschersleben","2017-10-04 15:41:09"),(76,"N","2010-08-14",783,"Beverley","2012-04-07 06:22:12"),(77,"N","1985-01-17",563,"Neelum Valley","2012-05-27 19:32:20"),(78,"M","1986-09-04",384,"Waterbury","2017-01-30 14:07:18"),(79,"M","1977-02-02",952,"Goderich","2017-06-07 14:04:22"),(80,"N","1985-09-23",712,"Bilaspur","2018-06-23 23:05:39");
INSERT IGNORE INTO `profiles` (`user_id`,`gender`,`birthday`,`photo_id`,`hometown`,`created_at`) VALUES (81,"F","2006-12-12",225,"Karachi","2011-03-13 16:10:32"),(82,"N","2013-04-04",347,"Campochiaro","2015-08-07 17:17:53"),(83,"N","1986-10-23",459,"Carleton","2018-06-17 08:49:36"),(84,"N","1974-06-25",618,"Roosbeek","2013-10-02 18:03:44"),(85,"M","1990-02-14",984,"Montenero Val Cocchiara","2011-12-20 06:19:29"),(86,"M","2015-10-28",244,"Jodoigne-Souveraine","2016-04-17 11:38:21"),(87,"F","1967-03-13",324,"Cochrane","2016-11-18 22:54:57"),(88,"N","2001-06-21",566,"Saint-Remy","2014-04-13 18:18:22"),(89,"M","1981-05-08",253,"Carovilli","2013-11-17 11:47:38"),(90,"M","1974-09-09",653,"Casalbuono","2011-02-22 01:25:26");
INSERT IGNORE INTO `profiles` (`user_id`,`gender`,`birthday`,`photo_id`,`hometown`,`created_at`) VALUES (91,"N","1984-05-02",720,"Valmacca","2017-05-01 08:02:26"),(92,"N","1968-12-13",637,"Lecce","2019-06-12 01:00:05"),(93,"M","1988-08-31",349,"Fréjus","2018-10-17 06:31:43"),(94,"F","1970-07-13",461,"Kendal","2013-03-06 18:58:13"),(95,"M","1968-12-15",404,"Springdale","2013-05-12 01:57:00"),(96,"N","1994-06-08",764,"Gespeg","2014-06-20 21:36:47"),(97,"N","2012-03-15",609,"Pacoa","2011-02-23 16:06:28"),(98,"N","1986-03-26",963,"RosiŽres","2015-04-30 00:40:39"),(99,"M","1991-05-30",397,"Melton Mowbray","2014-05-11 05:11:59"),(100,"F","1968-05-30",973,"Nanaimo","2013-01-20 11:14:39");

# Messages
INSERT INTO `messages` (`from_user_id`,`to_user_id`,`body`,`created_at`) VALUES (100,26,"libero est, congue a, aliquet vel, vulputate","2014-10-22 04:09:10"), (78,26,"in","2018-03-08 08:18:33"), (34,83,"Suspendisse aliquet molestie","2014-02-24 18:15:30"), (40,31,"mollis. Integer tincidunt aliquam arcu.","2016-06-19 05:24:07"), (82,36,"non, vestibulum nec, euismod in, dolor.","2012-10-10 10:47:16"), (70,39,"Fusce dolor quam, elementum at, egestas a","2015-09-14 21:44:43"), (25,57,"Cras eget nisi dictum augue malesuada malesuada.","2019-11-06 16:35:00"), (14,49,"dictum mi, ac mattis velit","2016-07-27 19:44:00"), (1,62,"Nunc sed orci lobortis augue scelerisque mollis.","2012-07-08 21:24:27"), (20,58,"urna et","2011-07-26 22:24:05");

# Users_communities 
INSERT IGNORE INTO `users_communities` (`user_id`,`community_id`) VALUES (27,2),(53,12),(88,10),(90,10),(63,23),(46,18),(95,27),(88,19),(69,1),(97,25);
INSERT IGNORE INTO `users_communities` (`user_id`,`community_id`) VALUES (2,7),(30,17),(40,12),(21,30),(63,9),(63,9),(92,1),(23,22),(61,24),(34,22);
INSERT IGNORE INTO `users_communities` (`user_id`,`community_id`) VALUES (34,8),(62,20),(54,29),(47,29),(17,4),(53,14),(99,23),(15,20),(29,9),(70,26);
INSERT IGNORE INTO `users_communities` (`user_id`,`community_id`) VALUES (18,1),(53,23),(32,22),(40,1),(67,19),(38,26),(35,1),(61,9),(6,21),(23,30);
INSERT IGNORE INTO `users_communities` (`user_id`,`community_id`) VALUES (89,21),(53,26),(12,9),(19,21),(54,7),(44,25),(76,10),(12,30),(89,6),(4,21);
INSERT IGNORE INTO `users_communities` (`user_id`,`community_id`) VALUES (50,4),(46,25),(85,18),(99,23),(48,14),(63,1),(29,27),(28,25),(18,25),(41,26);
INSERT IGNORE INTO `users_communities` (`user_id`,`community_id`) VALUES (96,5),(15,5),(82,22),(81,30),(33,19),(39,10),(12,27),(21,28),(54,4),(16,13);
INSERT IGNORE INTO `users_communities` (`user_id`,`community_id`) VALUES (19,24),(8,29),(21,1),(9,9),(37,17),(84,14),(92,16),(50,10),(59,1),(26,3);
INSERT IGNORE INTO `users_communities` (`user_id`,`community_id`) VALUES (32,10),(100,4),(67,26),(23,21),(70,7),(99,20),(63,3),(38,5),(51,28),(15,6);
INSERT IGNORE INTO `users_communities` (`user_id`,`community_id`) VALUES (40,24),(14,24),(71,9),(69,30),(39,8),(50,29),(78,29),(7,15),(83,2),(48,5);

# Mediafiles_types
INSERT INTO `mediafiles_types` (`name`) VALUES ('unknown'), ('audio'), ('video'), ('bitmap'), ('drawing'), ('office'), ('text'), ('archive'), ('executable'), ('multimedia');

# Mediafiles 
INSERT INTO `mediafiles` (`mediafile_type_id`, `filename`, `size`, `metadata`) VALUES
(2, 'audiofile_1', 398, '{"attr1": "song", "attr2": "some song name"}'),
(3, 'videofile_1', 15623, '{"attr1" : "film", "attr2" : "some cinema"}'),
(6, 'document_1', 1432, '{"attr1" : "doc", "attr2" : "some very important document"}'),
(1, 'dstsatsd3sf', 1, '{"attr1" : "???", "attr2" : "???"}'),
(4, 'picture_1', 215, '{"attr1" : "photo", "attr2" : "Me and my cat"}');

# Mediafile_liker
INSERT IGNORE INTO `mediafile_liker` (`mediafile_id`,`liker_id`) VALUES (2,81),(3,37),(5,67),(1,72),(5,54),(5,58),(5,95),(1,3),(4,54),(1,55);
INSERT IGNORE INTO `mediafile_liker` (`mediafile_id`,`liker_id`) VALUES (5,63),(5,2),(4,79),(5,62),(2,44),(1,84),(3,71),(4,88),(2,72),(5,87);
INSERT IGNORE INTO `mediafile_liker` (`mediafile_id`,`liker_id`) VALUES (1,58),(4,23),(1,16),(5,42),(1,91),(1,66),(4,17),(3,30),(3,18),(1,55);
INSERT IGNORE INTO `mediafile_liker` (`mediafile_id`,`liker_id`) VALUES (3,67),(3,95),(5,82),(5,72),(5,72),(3,3),(3,9),(5,61),(5,77),(2,91);
INSERT IGNORE INTO `mediafile_liker` (`mediafile_id`,`liker_id`) VALUES (2,9),(2,78),(4,41),(3,91),(1,8),(2,74),(5,19),(4,84),(5,24),(1,90);
INSERT IGNORE INTO `mediafile_liker` (`mediafile_id`,`liker_id`) VALUES (1,85),(3,99),(2,57),(4,19),(4,40),(5,23),(4,44),(2,39),(4,15),(1,61);
INSERT IGNORE INTO `mediafile_liker` (`mediafile_id`,`liker_id`) VALUES (2,11),(3,48),(3,55),(4,55),(2,82),(2,8),(2,77),(5,47),(2,78),(1,79);
INSERT IGNORE INTO `mediafile_liker` (`mediafile_id`,`liker_id`) VALUES (1,9),(3,59),(5,3),(3,45),(5,96),(5,44),(2,3),(2,51),(4,75),(3,44);
INSERT IGNORE INTO `mediafile_liker` (`mediafile_id`,`liker_id`) VALUES (5,33),(2,37),(1,20),(4,7),(2,90),(2,64),(2,59),(1,18),(1,47),(4,60);
INSERT IGNORE INTO `mediafile_liker` (`mediafile_id`,`liker_id`) VALUES (5,42),(1,11),(4,63),(2,47),(3,94),(3,56),(5,67),(4,17),(2,54),(5,55);

# Albums_types
INSERT INTO `albums_types` (`name`) VALUES ('Videoteka'),('Playlist'),('Photoalbum');

# Media_albums
INSERT INTO `media_albums` (`name`,`user_id`,`album_type_id`) VALUES ("Consequat nec, mollis",38,3),("Dui, nec",91,1),("Nibh",66,1),("Suspendisse aliquet, sem",64,3),("Bibendum ullamcorper",72,3),("Fermentum convallis ligula",14,1),("Velit. Cras lorem",10,3),("Cubilia",58,2),("Amet",12,1),("Mus. Proin",14,2);

# Mediafile_holder
INSERT IGNORE INTO `mediafile_holder` (`mediafile_id`,`holder_id`,`album_id`) VALUES (5,82,7),(5,9,1),(5,41,1),(4,37,7),(5,33,9),(2,94,2),(2,94,8),(5,49,8),(4,87,9),(2,21,10);
INSERT IGNORE INTO `mediafile_holder` (`mediafile_id`,`holder_id`,`album_id`) VALUES (1,4,9),(2,98,1),(1,65,1),(3,47,10),(1,19,5),(5,85,8),(5,30,2),(4,90,5),(5,9,6),(2,83,7);
INSERT IGNORE INTO `mediafile_holder` (`mediafile_id`,`holder_id`,`album_id`) VALUES (3,71,5),(1,12,9),(3,95,9),(5,74,9),(4,1,9),(4,61,7),(5,97,8),(2,55,10),(4,37,6),(1,59,6);

# Friends_requests
INSERT IGNORE INTO `friends_requests` (`initiator_user_id`,`target_user_id`,`status`,`requested_at`,`updated_at`) VALUES (22,44,"infriended","2012-10-05 03:34:43","2018-05-03 16:57:09"),(93,5,"approved","2000-09-05 00:43:22","2002-08-02 14:14:49"),(77,54,"requested","2018-11-01 20:41:01","2012-10-07 21:03:42"),(38,75,"approved","2008-12-05 21:36:03","2004-10-06 14:51:38"),(94,37,"requested","2017-05-05 17:21:50","2013-11-19 13:40:58"),(92,91,"declained","2000-08-17 21:47:58","2019-12-11 13:16:42"),(22,82,"requested","2003-01-17 20:18:20","2009-11-11 03:03:50"),(49,88,"approved","2010-04-08 02:45:16","2012-02-13 14:04:55"),(61,24,"declained","2009-10-31 08:15:07","2016-11-18 00:36:18"),(80,28,"declained","2016-03-03 21:35:45","2010-03-12 02:07:47");
INSERT IGNORE INTO `friends_requests` (`initiator_user_id`,`target_user_id`,`status`,`requested_at`,`updated_at`) VALUES (59,69,"requested","2007-03-11 08:15:00","2003-01-13 08:37:52"),(64,10,"infriended","2007-07-06 06:14:49","2019-11-17 12:39:59"),(89,84,"approved","2021-05-03 11:30:41","2018-01-29 15:40:42"),(72,53,"infriended","2014-06-10 12:49:36","2005-04-24 09:26:55"),(84,4,"infriended","2007-03-20 02:35:21","2015-08-19 16:51:08"),(30,56,"requested","2016-07-14 20:22:50","2000-10-08 07:32:51"),(89,80,"approved","2014-11-27 09:22:45","2014-08-08 07:08:43"),(74,3,"declained","2020-09-03 13:04:50","2003-04-01 18:13:14"),(83,48,"approved","2016-05-30 23:18:02","2015-02-24 18:29:53"),(55,76,"infriended","2018-05-06 01:13:30","2003-12-07 02:14:56");
INSERT IGNORE INTO `friends_requests` (`initiator_user_id`,`target_user_id`,`status`,`requested_at`,`updated_at`) VALUES (77,59,"infriended","2019-09-26 08:02:06","2010-06-19 05:49:30"),(2,19,"requested","2011-02-26 07:42:04","2005-08-15 11:03:57"),(32,15,"declained","2017-08-13 09:58:42","2013-08-16 10:14:16"),(3,56,"infriended","2019-08-26 05:14:50","2014-09-22 16:14:12"),(57,57,"declained","2017-03-19 11:41:24","2009-07-21 21:27:54"),(92,83,"infriended","2011-07-06 22:17:33","2002-11-09 02:22:29"),(4,80,"approved","2020-02-18 12:04:21","2014-11-02 12:33:24"),(21,23,"approved","2021-01-24 13:50:45","2010-07-17 21:50:07"),(12,94,"requested","2014-01-22 14:48:22","2016-07-09 12:15:03"),(81,38,"requested","2018-10-28 04:32:55","2011-09-07 07:12:15");
INSERT IGNORE INTO `friends_requests` (`initiator_user_id`,`target_user_id`,`status`,`requested_at`,`updated_at`) VALUES (44,75,"declained","2005-08-04 08:01:18","2016-12-29 20:33:39"),(15,80,"infriended","2015-03-20 14:45:49","2018-10-07 02:00:47"),(57,38,"declained","2007-09-07 09:07:10","2004-11-14 05:02:44"),(24,35,"declained","2001-10-06 02:38:10","2008-10-12 21:11:36"),(1,1,"declained","2009-04-12 21:58:14","2009-12-24 16:23:33"),(27,25,"declained","2001-07-14 22:10:05","2007-08-22 02:26:58"),(37,44,"infriended","2014-05-06 07:20:07","2016-04-03 14:51:39"),(27,62,"infriended","2012-02-08 03:28:11","2003-11-28 19:27:48"),(7,86,"declained","2008-02-08 22:49:30","2020-07-05 06:51:10"),(81,28,"infriended","2007-07-26 06:06:23","2016-01-19 17:10:12");
INSERT IGNORE INTO `friends_requests` (`initiator_user_id`,`target_user_id`,`status`,`requested_at`,`updated_at`) VALUES (59,66,"declained","2017-06-13 03:11:39","2008-12-28 02:42:13"),(74,59,"requested","2015-06-05 09:08:25","2009-02-21 14:08:17"),(14,99,"declained","2001-07-15 03:30:20","2020-03-01 06:33:40"),(42,9,"approved","2004-06-21 06:15:44","2012-11-07 02:10:23"),(48,55,"declained","2007-12-30 22:00:04","2002-01-10 20:11:41"),(54,47,"requested","2007-11-15 20:37:49","2009-10-04 08:57:50"),(33,8,"approved","2003-12-18 09:14:51","2008-09-08 13:22:22"),(44,46,"declained","2010-06-02 14:31:08","2014-03-22 04:11:05"),(5,13,"requested","2005-11-15 00:07:26","2004-06-18 09:49:06"),(36,6,"declained","2003-06-11 23:19:16","2002-02-19 02:10:15");

# Задание ii
-- Написать скрипт, возвращающий список имен 
-- (только firstname) пользователей без повторений в алфавитном порядке
USE `vk`;
SELECT `firstname` FROM `users` GROUP BY `firstname` ORDER BY `firstname` ASC;

# Задание iii
-- Написать скрипт, отмечающий несовершеннолетних пользователей как неактивных (поле is_active = false). 
-- Предварительно добавить такое поле в таблицу profiles со значением по умолчанию = true (или 1)
USE `vk`;
-- Добавляем новое поле в таблицу profiles
ALTER TABLE `profiles`
	ADD COLUMN `is_active` TINYINT(1) NULL DEFAULT 1 AFTER `created_at`;
-- Отмечаем несовершеннолетних пользователей
UPDATE `profiles` SET `is_active` = 0
	WHERE DATE (`birthday`) >= CURRENT_DATE() - INTERVAL 18 YEAR;
SELECT * FROM `profiles`;

# Задание iv
-- Написать скрипт, удаляющий сообщения «из будущего» (дата больше сегодняшней)
USE `vk`;
-- С учётом того, что у меня не было таких сообщений, то вставим такое
INSERT INTO `messages` (`from_user_id`, `to_user_id`, `body`, `created_at`) VALUES
(1, 2, 'text', CURRENT_TIMESTAMP() + INTERVAL 1 DAY);

-- Удаляем вновьсозданное сообщение из "будущего" 
DELETE FROM `messages`
	WHERE DATE(`created_at`) > CURRENT_TIMESTAMP();

# Задание v
-- Написать название темы курсового проекта (в комментарии)
-- Я хотел бы попробовать описать структуру проекта развлекаьельно-информационного портала 
-- типа "pikabu.ru"